data_extracao;descricao;estado;complemento;implantacao;logradouro_nome;num_inicial;num_final;defronte;cruzamento_nome;lado;fluxo;local_de_instal;;
2023-04-01 01:33:39.109;SENTIDO DE CIRCULAÇÃO DA VIA (SO)            ;INSTALADO;R-24A - N/P SEMÁFORO;16/03/1979;R CEL VICENTE;465.0;465.0;NÃO;AV ALBERTO BINS;IMPAR;CRESCENTE;CALCADA          ;;
2023-04-01 01:33:39.110;SENTIDO DE CIRCULAÇÃO DA VIA (SO)            ;INSTALADO;;21/03/1979;R CONCEICAO;195.0;0.0;NÃO;R COMENDADOR MANOEL PEREIRA;IMPAR;CRESCENTE;CANTEIRO CENTRAL ;;
2023-04-01 01:33:39.110;PARADA OBRIGATÓRIA;INSTALADO;;22/03/1979;R GEN VITORINO;185.0;185.0;NÃO;R DR FLORES;IMPAR;CRESCENTE;CALCADA          ;;
2023-04-01 01:33:39.111;PARADA OBRIGATÓRIA;INSTALADO;R-1 - S1;27/03/1979;R GEN CYPRIANO FERREIRA;561.0;561.0;NÃO;R DEMETRIO RIBEIRO;IMPAR;CRESCENTE;CALCADA          ;;
2023-04-01 01:33:39.111;SENTIDO DE CIRCULAÇÃO DA VIA (SO)            ;INSTALADO;R-24A - S3;27/03/1979;R GEN PORTINHO;579.0;579.0;NÃO;R WASHINGTON LUIZ;IMPAR;CRESCENTE;CALCADA          ;;
2023-04-01 01:33:39.111;SENTIDO DE CIRCULAÇÃO DA VIA (SO)            ;INSTALADO;R-24A - S1;29/03/1979;R DEMETRIO RIBEIRO;913.0;913.0;NÃO;R ESPIRITO SANTO;IMPAR;CRESCENTE;CALCADA          ;;
2023-04-01 01:33:39.112;PARADA OBRIGATÓRIA;INSTALADO;;02/05/1979;AV AMAZONAS;320.0;0.0;SIM;R CAIRU;IMPAR;CRESCENTE;CALCADA          ;;
2023-04-01 01:33:39.112;SENTIDO DE CIRCULAÇÃO DA VIA (SO)            ;INSTALADO;;03/05/1979;R SANTOS DUMONT;1250.0;0.0;SIM;R MOURA AZEVEDO;IMPAR;DECRESCENTE;CALCADA          ;;
2023-04-01 01:33:39.113;SENTIDO DE CIRCULAÇÃO DA VIA (SO)            ;INSTALADO;;08/05/1979;AV CEL LUCAS DE OLIVEIRA;1487.0;1487.0;NÃO;R CABRAL;IMPAR;DECRESCENTE;CALCADA          ;;
2023-04-01 01:33:39.115;PARADA OBRIGATÓRIA;INSTALADO;;11/05/1979;R LOBO DA COSTA;191.0;191.0;NÃO;R GEN LIMA E SILVA;IMPAR;CRESCENTE;CALCADA          ;;
2023-04-01 01:33:39.115;PARADA OBRIGATÓRIA;INSTALADO;;11/05/1979;R JOAQUIM NABUCO;525.0;0.0;NÃO;R JOAO ALFREDO;IMPAR;CRESCENTE;CALCADA          ;;
2023-04-01 01:33:39.115;SENTIDO DE CIRCULAÇÃO DA VIA (SO)            ;INSTALADO;;14/05/1979;R LOBO DA COSTA;459.0;0.0;NÃO;R IGNACIO MONTANHA;IMPAR;CRESCENTE;CALCADA          ;;
2023-04-01 01:33:39.116;SENTIDO DE CIRCULAÇÃO DA VIA (SO)            ;INSTALADO;;15/05/1979;TRAV FERREIRA DE ABREU;129.0;0.0;NÃO;PCA DR JULIO DE ARAGAO BOZANO;IMPAR;CRESCENTE;CALCADA          ;;
2023-04-01 01:33:39.116;PARADA OBRIGATÓRIA;INSTALADO;;15/05/1979;R MONTEIRO LOBATO;179.0;179.0;NÃO;R DR LOSSIO;IMPAR;CRESCENTE;CALCADA          ;;
2023-04-01 01:33:39.116;PONTO DE PARADA (ÔNIBUS)                     ;INSTALADO;;16/05/1979;R LA PLATA;765.0;765.0;NÃO;R CHILE;IMPAR;CRESCENTE;CALCADA          ;;
2023-04-01 01:33:39.116;SENTIDO DE CIRCULAÇÃO DA VIA (SO)            ;INSTALADO;;16/05/1979;R SANTA CECILIA;1449.0;0.0;NÃO;R FELIPE DE OLIVEIRA;IMPAR;CRESCENTE;CALCADA          ;;
2023-04-01 01:33:39.116;PONTO DE PARADA (ÔNIBUS)                     ;INSTALADO;- C/PS1;17/05/1979;R SILVEIRO;99.0;99.0;NÃO;R BARAO DO CERRO LARGO;IMPAR;CRESCENTE;CALCADA          ;;
2023-04-01 01:33:39.109;DIVISÃO DE PISTA CONTÍNUA (BRANCA);INSTALADO;20,00M X 0,10CM  A DIREITA DA VIA;29/08/2007;R MOSTARDEIRO;597.0;597.0;NÃO;AV GOETHE;IMPAR;CRESCENTE;LEITO DA VIA     ;;
2023-04-01 01:33:39.110;SENTIDO DE CIRCULAÇÃO DA VIA (SO)            ;INSTALADO;;27/03/1979;R DUQUE DE CAXIAS;458.0;0.0;SIM;R GEN PORTINHO;IMPAR;CRESCENTE;CALCADA          ;;
2023-04-01 01:33:39.111;SENTIDO DE CIRCULAÇÃO DA VIA (SO)            ;INSTALADO;;30/03/1979;R GEN BENTO MARTINS;565.0;0.0;NÃO;R CEL FERNANDO MACHADO;IMPAR;CRESCENTE;CALCADA          ;;
2023-04-01 01:33:39.112;SENTIDO DE CIRCULAÇÃO DA VIA (SO)            ;INSTALADO;;02/05/1979;R CAIRU;221.0;0.0;NÃO;AV RIO GRANDE;IMPAR;DECRESCENTE;CALCADA          ;;
2023-04-01 01:33:39.112;SENTIDO DE CIRCULAÇÃO DA VIA (SO)            ;INSTALADO;;03/05/1979;R CAIRU;125.0;125.0;NÃO;AV MISSOES;IMPAR;DECRESCENTE;CALCADA          ;;
2023-04-01 01:33:39.112;PARADA OBRIGATÓRIA;INSTALADO;S2;03/05/1979;AV GUIDO MONDIN;1005.0;0.0;NÃO;AV CEARA;IMPAR;CRESCENTE;CALCADA          ;;
2023-04-01 01:33:39.112;SENTIDO DE CIRCULAÇÃO DA VIA (SO)            ;INSTALADO;;03/05/1979;AV PARANA;1877.0;1877.0;NÃO;AV POLONIA;IMPAR;DECRESCENTE;CALCADA          ;;
2023-04-01 01:33:39.112;PARADA OBRIGATÓRIA;INSTALADO;;04/05/1979;R SANTA RITA;121.0;121.0;NÃO;R CONDE DE PORTO ALEGRE;IMPAR;CRESCENTE;CALCADA          ;;
2023-04-01 01:33:39.113;PARADA OBRIGATÓRIA;INSTALADO;;28/05/1979;AV TAQUARA;193.0;193.0;NÃO;AV IJUI;IMPAR;CRESCENTE;CALCADA          ;;
2023-04-01 01:33:39.115;PONTO DE PARADA (ÔNIBUS)                     ;INSTALADO;;11/05/1979;AV IPIRANGA;341.0;361.0;NÃO;R MUCIO TEIXEIRA;IMPAR;CRESCENTE;CALCADA          ;;
2023-04-01 01:33:39.115;PONTO DE PARADA (ÔNIBUS)                     ;INSTALADO;;11/05/1979;AV GETULIO VARGAS;891.0;895.0;NÃO;R VISCONDE DO HERVAL;IMPAR;CRESCENTE;CALCADA          ;;
2023-04-01 01:33:39.116;PROIBIDO ESTACIONAR;INSTALADO;;15/05/1979;PCA DR JULIO DE ARAGAO BOZANO;25.0;51.0;NÃO;TRAV FERREIRA DE ABREU;IMPAR;CRESCENTE;CANTEIRO CENTRAL ;;
2023-04-01 01:33:39.116;PARADA OBRIGATÓRIA;INSTALADO;;16/05/1979;R CHILE;625.0;0.0;NÃO;R ITABORAI;IMPAR;CRESCENTE;CALCADA          ;;
2023-04-01 01:33:39.117;SENTIDO DE CIRCULAÇÃO DA VIA (SO)            ;INSTALADO;;17/05/1979;R BOTAFOGO;1455.0;1455.0;NÃO;AV AZENHA;IMPAR;CRESCENTE;CALCADA          ;;
2023-04-01 01:33:39.117;SENTIDO DE CIRCULAÇÃO DA VIA (SO)            ;INSTALADO;;18/05/1979;TRAV VIAMAO;15.0;0.0;SIM;AV NITEROI;IMPAR;DECRESCENTE;CALCADA          ;;
2023-04-01 01:33:39.118;PONTO DE PARADA (ÔNIBUS)                     ;INSTALADO;;21/05/1979;AV DIVISA;2346.0;0.0;SIM;R CRUZEIRO DO SUL;IMPAR;CRESCENTE;CALCADA          ;;
2023-04-01 01:33:39.118;PARADA OBRIGATÓRIA;INSTALADO;;23/05/1979;R GAURAMA;221.0;221.0;NÃO;R CANELA;IMPAR;CRESCENTE;CALCADA          ;;
2023-04-01 01:33:39.118;PARADA OBRIGATÓRIA;INSTALADO;;24/05/1979;R PEDRAS ALTAS;123.0;0.0;NÃO;R TOROQUA;IMPAR;CRESCENTE;CALCADA          ;;
2023-04-01 01:33:39.109;SENTIDO DE CIRCULAÇÃO DA VIA (SO)            ;INSTALADO;R-24A - ;20/03/1979;AV ALBERTO BINS;581.0;581.0;NÃO;R CEL VICENTE;IMPAR;DECRESCENTE;CALCADA          ;;
2023-04-01 01:33:39.110;SENTIDO DE CIRCULAÇÃO DA VIA (SO)            ;INSTALADO;;27/03/1979;R GEN VASCO ALVES;303.0;303.0;NÃO;R RIACHUELO;IMPAR;DECRESCENTE;CALCADA          ;;
2023-04-01 01:33:39.110;PARADA OBRIGATÓRIA;INSTALADO;;27/03/1979;R GEN PORTINHO;355.0;355.0;NÃO;R DUQUE DE CAXIAS;IMPAR;CRESCENTE;CALCADA          ;;
2023-04-01 01:33:39.112;SENTIDO DE CIRCULAÇÃO DA VIA (SO)            ;INSTALADO;;30/03/1979;R DUQUE DE CAXIAS;715.0;0.0;NÃO;R GEN BENTO MARTINS;IMPAR;CRESCENTE;CALCADA          ;;
2023-04-01 01:33:39.112;SENTIDO DE CIRCULAÇÃO DA VIA (SO)            ;INSTALADO;;30/03/1979;R CEL FERNANDO MACHADO;1043.0;0.0;NÃO;R MARECHAL FLORIANO PEIXOTO;IMPAR;DECRESCENTE;CALCADA          ;;
2023-04-01 01:33:39.112;PROIBIDO PARAR E ESTACIONAR;INSTALADO;- N/P DA LUMINÁRIA, JUNTO COM A PLACA DE PROIBIDO BUZINA;02/04/1979;R PROF ANNES DIAS;112.0;142.0;SIM;AV INDEPENDENCIA;IMPAR;CRESCENTE;CALCADA          ;;
2023-04-01 01:33:39.112;PROIBIDO ESTACIONAR;INSTALADO;;02/05/1979;AV CEARA;1199.0;1221.0;NÃO;R CAIRU;IMPAR;CRESCENTE;CALCADA          ;;
2023-04-01 01:33:39.112;SENTIDO DE CIRCULAÇÃO DA VIA (SO)            ;INSTALADO;;03/05/1979;AV MARANHAO;204.0;204.0;SIM;AV PRESIDENTE FRANKLIN ROOSEVELT;IMPAR;CRESCENTE;CALCADA          ;;
2023-04-01 01:33:39.112;SENTIDO DE CIRCULAÇÃO DA VIA (SO)            ;INSTALADO;;04/05/1979;AV BERLIM;249.0;249.0;NÃO;AV BAHIA;IMPAR;DECRESCENTE;CALCADA          ;;
2023-04-01 01:33:39.113;SENTIDO DE CIRCULAÇÃO DA VIA (SO)            ;INSTALADO;;07/05/1979;R GEN JOAO TELLES;542.0;542.0;SIM;AV OSVALDO ARANHA;IMPAR;CRESCENTE;CALCADA          ;;
2023-04-01 01:33:39.115;SENTIDO DE CIRCULAÇÃO DA VIA (SO)            ;INSTALADO;;11/05/1979;R JOSE DO PATROCINIO;585.0;585.0;NÃO;R LUIZ AFONSO;IMPAR;CRESCENTE;CALCADA          ;;
2023-04-01 01:33:39.115;PARADA OBRIGATÓRIA;INSTALADO;;14/05/1979;R OLAVO BILAC;37.0;0.0;NÃO;R JOSE DO PATROCINIO;IMPAR;CRESCENTE;CALCADA          ;;
2023-04-01 01:33:39.115;SENTIDO DE CIRCULAÇÃO DA VIA (SO)            ;INSTALADO;JUNTO COM UMA R-1;14/05/1979;R ENG VESPUCIO DE ABREU;59.0;59.0;NÃO;R LAURINDO;IMPAR;CRESCENTE;CALCADA          ;;
2023-04-01 01:33:39.116;PARADA OBRIGATÓRIA;INSTALADO;R-1 - S1;14/05/1979;R JOSE DO PATROCINIO;1300.0;1300.0;SIM;R ALCIDES DE OLIVEIRA GOMES;IMPAR;CRESCENTE;CALCADA          ;;
2023-04-01 01:33:39.116;PONTO DE PARADA (ÔNIBUS)                     ;INSTALADO;;15/05/1979;R DELFINO RIET;183.0;0.0;NÃO;R CALDRE E FIAO;IMPAR;CRESCENTE;CALCADA          ;;
2023-04-01 01:33:39.116;SENTIDO DE CIRCULAÇÃO DA VIA (SO)            ;INSTALADO;;15/05/1979;R VICENTE DA FONTOURA;853.0;0.0;NÃO;R SANTANA;IMPAR;DECRESCENTE;CALCADA          ;;
2023-04-01 01:33:39.118;PONTO DE PARADA (ÔNIBUS)                     ;INSTALADO;;21/05/1979;AV CINCO DE NOVEMBRO;53.0;0.0;NÃO;R PROF CLEMENTE PINTO;IMPAR;CRESCENTE;CALCADA          ;;
2023-04-01 01:33:39.118;PARADA OBRIGATÓRIA;INSTALADO;;23/05/1979;R MONTE ARRAES;126.0;0.0;SIM;R SANTA FLORA;IMPAR;CRESCENTE;CALCADA          ;;
2023-04-01 01:33:39.109;DIVISÃO DE PISTA CONTÍNUA (BRANCA);INSTALADO;2X PISTAS DIREITA/ ESQUERDA;08/04/2000;AV NONOAI;651.0;651.0;NÃO;AV CRUZ ALTA;IMPAR;CRESCENTE;LEITO DA VIA     ;;
2023-04-01 01:33:39.109;DIVISÃO DE PISTA INTERROMPIDA (BRANCA);INSTALADO;PISTA DIREITA;16/02/1979;R CONCEICAO;301.0;0.0;NÃO;R VOLUNTARIOS DA PATRIA;IMPAR;CRESCENTE;LEITO DA VIA     ;;
2023-04-01 01:33:39.109;FAIXA DE TRAVESSIA DE PEDESTRES (ZEBRADA);INSTALADO;- 08TJ - 04MX0,40M;21/02/1979;AV JOSE BONIFACIO;497.0;0.0;NÃO;R VIEIRA DE CASTRO;IMPAR;CRESCENTE;LEITO DA VIA     ;;
2023-04-01 01:33:39.110;SENTIDO PROIBIDO;INSTALADO;;22/03/1979;R DR FLORES;371.0;0.0;NÃO;AV SENADOR SALGADO FILHO;IMPAR;CRESCENTE;CALCADA          ;;
2023-04-01 01:33:39.110;SENTIDO DE CIRCULAÇÃO DA VIA (SO)            ;INSTALADO;R-24A - S1;01/09/1999;R DEMETRIO RIBEIRO;395.0;395.0;NÃO;R GEN CYPRIANO FERREIRA;IMPAR;CRESCENTE;CALCADA          ;;
2023-04-01 01:33:39.110;SENTIDO DE CIRCULAÇÃO DA VIA (SO)            ;INSTALADO;;27/03/1979;R RIACHUELO;483.0;483.0;NÃO;R GEN PORTINHO;IMPAR;DECRESCENTE;CALCADA          ;;
2023-04-01 01:33:39.111;SENTIDO DE CIRCULAÇÃO DA VIA (SO)            ;INSTALADO;N/P DO SEMAFORO;28/03/1979;R RIACHUELO;1190.0;1190.0;SIM;R GEN CAMARA;IMPAR;DECRESCENTE;CALCADA          ;;
2023-04-01 01:33:39.111;PROIBIDO ESTACIONAR;INSTALADO;;30/03/1979;AV SENADOR SALGADO FILHO;101.0;0.0;NÃO;R VIGARIO JOSE IGNACIO;IMPAR;CRESCENTE;CALCADA          ;;
2023-04-01 01:33:39.111;SENTIDO DE CIRCULAÇÃO DA VIA (SO)            ;INSTALADO;;30/03/1979;R CEL FERNANDO MACHADO;400.0;0.0;SIM;R GEN BENTO MARTINS;IMPAR;DECRESCENTE;CALCADA          ;;
2023-04-01 01:33:39.112;PARADA OBRIGATÓRIA;INSTALADO;;03/05/1979;R BUARQUE DE MACEDO;99.0;99.0;NÃO;AV PERNAMBUCO;IMPAR;CRESCENTE;CALCADA          ;;
2023-04-01 01:33:39.112;SENTIDO DE CIRCULAÇÃO DA VIA (SO)            ;INSTALADO;;03/05/1979;AV GUIDO MONDIN;1005.0;0.0;NÃO;AV CEARA;IMPAR;CRESCENTE;CALCADA          ;;
2023-04-01 01:33:39.112;SENTIDO DE CIRCULAÇÃO DA VIA (SO)            ;INSTALADO;;04/05/1979;R CONDE DE PORTO ALEGRE;377.0;0.0;NÃO;TRAV AZEVEDO;IMPAR;DECRESCENTE;CALCADA          ;;
2023-04-01 01:33:39.112;PROIBIDO ESTACIONAR;INSTALADO;;04/05/1979;AV BENJAMIN CONSTANT;1819.0;1835.0;NÃO;AV CRISTOVAO COLOMBO;IMPAR;CRESCENTE;CALCADA          ;;
2023-04-01 01:33:39.113;SENTIDO DE CIRCULAÇÃO DA VIA (SO)            ;INSTALADO;;07/05/1979;R LUCIANA DE ABREU;471.0;471.0;NÃO;R VINTE QUATRO DE OUTUBRO;IMPAR;CRESCENTE;CALCADA          ;;
2023-04-01 01:33:39.113;SENTIDO DE CIRCULAÇÃO DA VIA (SO)            ;INSTALADO;;07/05/1979;R MOSTARDEIRO;597.0;597.0;NÃO;AV GOETHE;IMPAR;CRESCENTE;CANTEIRO CENTRAL ;;
2023-04-01 01:33:39.113;SENTIDO DE CIRCULAÇÃO DA VIA (SO)            ;INSTALADO;;08/05/1979;AV CEL LUCAS DE OLIVEIRA;711.0;711.0;NÃO;R TITO LIVIO ZAMBECARI;IMPAR;DECRESCENTE;CALCADA          ;;
2023-04-01 01:33:39.113;"CRIANÇAS - LEGENDA ""CRIANÇAS"" - ( 60X80 )";INSTALADO;;10/05/1979;R BRIGADEIRO OLIVEIRA NERI;65.0;0.0;NÃO;R MARECHAL SIMEAO;IMPAR;DECRESCENTE;CALCADA          ;;
2023-04-01 01:33:39.115;PASSAGEM SINALIZADA DE ESCOLARES (ADVERTÃŠNCIA)-A33B;INSTALADO;;11/05/1979;R MUCIO TEIXEIRA;241.0;0.0;NÃO;R DEZESSETE DE JUNHO;IMPAR;CRESCENTE;CALCADA          ;;
2023-04-01 01:33:39.115;SENTIDO DE CIRCULAÇÃO DA VIA (SO)            ;INSTALADO;;11/05/1979;R GEN LIMA E SILVA;867.0;0.0;NÃO;R OCTAVIO CORREA;IMPAR;DECRESCENTE;CALCADA          ;;
2023-04-01 01:33:39.115;SENTIDO DE CIRCULAÇÃO DA VIA (SO)            ;INSTALADO;;14/05/1979;AV AZENHA;85.0;85.0;NÃO;AV IPIRANGA;IMPAR;CRESCENTE;CALCADA          ;;
2023-04-01 01:33:39.115;PARADA OBRIGATÓRIA;INSTALADO;;14/05/1979;R VINTE DE SETEMBRO;111.0;111.0;NÃO;R GEN CALDWELL;IMPAR;CRESCENTE;CALCADA          ;;
2023-04-01 01:33:39.115;SENTIDO DE CIRCULAÇÃO DA VIA (SO)            ;INSTALADO;;14/05/1979;R BARAO DO TRIUNFO;723.0;0.0;NÃO;AV AZENHA;IMPAR;CRESCENTE;CALCADA          ;;
2023-04-01 01:33:39.115;PONTO DE PARADA (ÔNIBUS)                     ;INSTALADO;I-23 - S1;14/05/1979;AV AZENHA;1241.0;1241.0;NÃO;R BOTAFOGO;IMPAR;CRESCENTE;CALCADA          ;;
2023-04-01 01:33:39.116;PONTO DE PARADA (ÔNIBUS)                     ;INSTALADO;- C/PS1;15/05/1979;AV IPIRANGA;2055.0;2055.0;NÃO;R SAO LUIZ;IMPAR;CRESCENTE;CALCADA          ;;
2023-04-01 01:33:39.116;PARADA OBRIGATÓRIA;INSTALADO;;16/05/1979;R PORTUGUESA;161.0;161.0;NÃO;R PADRE CALDAS;IMPAR;CRESCENTE;CALCADA          ;;
2023-04-01 01:33:39.110;SENTIDO DE CIRCULAÇÃO DA VIA (SO)            ;INSTALADO;;22/03/1979;R GEN VITORINO;185.0;185.0;NÃO;R DR FLORES;IMPAR;CRESCENTE;CALCADA          ;;
2023-04-01 01:33:39.111;SENTIDO DE CIRCULAÇÃO DA VIA (SO)            ;INSTALADO;;28/03/1979;R GEN VASCO ALVES;189.0;0.0;NÃO;R ANDRADAS;IMPAR;DECRESCENTE;CALCADA          ;;
2023-04-01 01:33:39.111;SENTIDO DE CIRCULAÇÃO DA VIA (SO)            ;INSTALADO;;29/03/1979;R MARECHAL FLORIANO PEIXOTO;651.0;651.0;NÃO;R CEL FERNANDO MACHADO;IMPAR;CRESCENTE;CALCADA          ;;
2023-04-01 01:33:39.112;PONTO DE PARADA (ÔNIBUS)                     ;INSTALADO;N/#REF!;25/04/1979;R IRENE CAPPONI SANTIAGO;425.0;0.0;NÃO;R CONSELHEIRO D'AVILA;IMPAR;CRESCENTE;CALCADA          ;;
2023-04-01 01:33:39.112;PROIBIDO ESTACIONAR - CAMINHÃO;INSTALADO;R-6A-21 - PE CAMINHÃO S1;02/05/1979;AV RIO GRANDE;237.0;227.0;NÃO;AV BRASIL;IMPAR;DECRESCENTE;CALCADA          ;;
2023-04-01 01:33:39.112;PROIBIDO ESTACIONAR;INSTALADO;;03/05/1979;AV CEARA;1334.0;1390.0;SIM;AV PATRIA;IMPAR;CRESCENTE;CALCADA          ;;
2023-04-01 01:33:39.112;SENTIDO DE CIRCULAÇÃO DA VIA (SO)            ;INSTALADO;;03/05/1979;AV PERNAMBUCO;1909.0;1909.0;NÃO;AV POLONIA;IMPAR;DECRESCENTE;CALCADA          ;;
2023-04-01 01:33:39.112;PARADA OBRIGATÓRIA;INSTALADO;;04/05/1979;R MOURA AZEVEDO;415.0;0.0;NÃO;AV SAO PAULO;IMPAR;CRESCENTE;CALCADA          ;;
2023-04-01 01:33:39.112;PARADA OBRIGATÓRIA;INSTALADO;;04/05/1979;R SAO CARLOS;1113.0;1113.0;NÃO;R ALMIRANTE BARROSO;IMPAR;CRESCENTE;CALCADA          ;;
2023-04-01 01:33:39.115;SENTIDO DE CIRCULAÇÃO DA VIA (SO)            ;INSTALADO;;11/05/1979;R LUIZ AFONSO;158.0;158.0;SIM;R GEN LIMA E SILVA;IMPAR;CRESCENTE;CALCADA          ;;
2023-04-01 01:33:39.115;PARADA OBRIGATÓRIA;INSTALADO;;11/05/1979;R JOAQUIM NABUCO;217.0;217.0;NÃO;R JOSE DO PATROCINIO;IMPAR;CRESCENTE;CALCADA          ;;
2023-04-01 01:33:39.115;GRADIL ( METROS )                            ;INSTALADO;;11/05/1979;R JOSE DO PATROCINIO;381.0;0.0;NÃO;R REPUBLICA;IMPAR;CRESCENTE;CALCADA          ;;
2023-04-01 01:33:39.115;SENTIDO DE CIRCULAÇÃO DA VIA (SO)            ;INSTALADO;;11/05/1979;R JOSE DO PATROCINIO;851.0;847.0;NÃO;R JOAQUIM NABUCO;IMPAR;CRESCENTE;CALCADA          ;;
2023-04-01 01:33:39.115;PROIBIDO ESTACIONAR;INSTALADO;;14/05/1979;AV BENTO GONCALVES;497.0;497.0;NÃO;R VICENTE DA FONTOURA;IMPAR;CRESCENTE;CALCADA          ;;
2023-04-01 01:33:39.115;SENTIDO DE CIRCULAÇÃO DA VIA (SO)            ;INSTALADO;;14/05/1979;R JOSE DO PATROCINIO;1011.0;0.0;NÃO;AV VENANCIO AIRES;IMPAR;CRESCENTE;CALCADA          ;;
2023-04-01 01:33:39.116;"CRIANÇAS - LEGENDA ""CRIANÇAS"" - ( 60X80 )";INSTALADO;;15/05/1979;PCA DR JULIO DE ARAGAO BOZANO;25.0;0.0;NÃO;R RAMIRO BARCELOS;IMPAR;CRESCENTE;CALCADA          ;;
2023-04-01 01:33:39.116;"CRIANÇAS - LEGENDA ""CRIANÇAS"" - ( 60X80 )";INSTALADO;;15/05/1979;PCA DR JULIO DE ARAGAO BOZANO;28.0;0.0;NÃO;TRAV FERREIRA DE ABREU;IMPAR;CRESCENTE;CALCADA          ;;
2023-04-01 01:33:39.109;DIVISÃO DE PISTA CONTÍNUA (AMARELA);INSTALADO;;01/08/2000;R CAIEIRA;175.0;175.0;NÃO;R TIJUCA;IMPAR;NULO;LEITO DA VIA     ;;
2023-04-01 01:33:39.109;FAIXA DE TRAVESSIA DE PEDESTRES (ZEBRADA);INSTALADO;- 10TJ - 04MX0,40M, PINTURA BICOMPONENTE;20/12/1978;AV NONOAI;711.0;713.0;NÃO;AV CRUZ ALTA;IMPAR;CRESCENTE;LEITO DA VIA     ;;
2023-04-01 01:33:39.109;SENTIDO DE CIRCULAÇÃO DA VIA (SO)            ;INSTALADO;;21/03/1979;R DR FLORES;11.0;0.0;NÃO;R VOLUNTARIOS DA PATRIA;IMPAR;DECRESCENTE;CALCADA          ;;
2023-04-01 01:33:39.112;PARADA OBRIGATÓRIA;INSTALADO;;30/03/1979;R MARECHAL FLORIANO PEIXOTO;777.0;0.0;NÃO;R DEMETRIO RIBEIRO;IMPAR;CRESCENTE;CALCADA          ;;
2023-04-01 01:33:39.112;PARADA OBRIGATÓRIA;INSTALADO;;02/05/1979;R ARABUTAN;801.0;0.0;NÃO;AV CEARA;IMPAR;CRESCENTE;CALCADA          ;;
2023-04-01 01:33:39.112;SENTIDO DE CIRCULAÇÃO DA VIA (SO)            ;INSTALADO;;03/05/1979;R CAIRU;122.0;122.0;NÃO;AV MISSOES;IMPAR;DECRESCENTE;CALCADA          ;;
2023-04-01 01:33:39.112;PROIBIDO ESTACIONAR;INSTALADO;;03/05/1979;AV PATRIA;651.0;613.0;NÃO;AV PRESIDENTE FRANKLIN ROOSEVELT;IMPAR;DECRESCENTE;CALCADA          ;;
2023-04-01 01:33:39.112;SENTIDO DE CIRCULAÇÃO DA VIA (SO)            ;INSTALADO;;03/05/1979;AV BRASIL;1365.0;0.0;NÃO;AV CEARA;IMPAR;CRESCENTE;CALCADA          ;;
2023-04-01 01:33:39.112;SENTIDO DE CIRCULAÇÃO DA VIA (SO)            ;INSTALADO;;04/05/1979;AV SAO PAULO;935.0;0.0;NÃO;R MOURA AZEVEDO;IMPAR;DECRESCENTE;CALCADA          ;;
2023-04-01 01:33:39.112;PROIBIDO VIRAR À ESQUERDA;INSTALADO;;04/05/1979;AV BENJAMIN CONSTANT;1891.0;0.0;NÃO;AV CRISTOVAO COLOMBO;IMPAR;CRESCENTE;CANTEIRO CENTRAL ;;
2023-04-01 01:33:39.113;SENTIDO DE CIRCULAÇÃO DA VIA (SO)            ;INSTALADO;- C/PS1;07/05/1979;R HILARIO RIBEIRO;121.0;121.0;NÃO;R BARAO DE SANTO ANGELO;IMPAR;DECRESCENTE;CALCADA          ;;
2023-04-01 01:33:39.113;PARADA OBRIGATÓRIA;INSTALADO;;07/05/1979;R SAO CARLOS;589.0;589.0;NÃO;R COMENDADOR AZEVEDO;IMPAR;CRESCENTE;CALCADA          ;;
2023-04-01 01:33:39.115;PARADA OBRIGATÓRIA;INSTALADO;;10/05/1979;R SERRO AZUL;133.0;133.0;NÃO;R SAO SALVADOR;IMPAR;CRESCENTE;CALCADA          ;;
2023-04-01 01:33:39.115;SENTIDO DE CIRCULAÇÃO DA VIA (SO)            ;INSTALADO;C/P;11/05/1979;R REPUBLICA;257.0;257.0;NÃO;R GEN LIMA E SILVA;IMPAR;DECRESCENTE;CALCADA          ;;
2023-04-01 01:33:39.116;PONTO DE PARADA (ÔNIBUS)                     ;INSTALADO;;15/05/1979;R EUCLYDES DA CUNHA;223.0;231.0;NÃO;AV IPIRANGA;IMPAR;CRESCENTE;CALCADA          ;;
2023-04-01 01:33:39.116;PARADA OBRIGATÓRIA;INSTALADO;;15/05/1979;R BERNARDO PIRES;331.0;0.0;NÃO;AV PRINCESA ISABEL;IMPAR;CRESCENTE;CALCADA          ;;
2023-04-01 01:33:39.116;PARADA OBRIGATÓRIA;INSTALADO;;15/05/1979;R DOMINGOS CRESCENCIO;739.0;739.0;NÃO;R SAO MANOEL;IMPAR;CRESCENTE;CALCADA          ;;
2023-04-01 01:33:39.116;PONTO DE PARADA (ÔNIBUS)                     ;INSTALADO;;16/05/1979;R CEL CORTE REAL;133.0;0.0;NÃO;R DONA EUGENIA;IMPAR;CRESCENTE;CALCADA          ;;
2023-04-01 01:33:39.116;SENTIDO DE CIRCULAÇÃO DA VIA (SO)            ;INSTALADO;;16/05/1979;R CEL CORTE REAL;183.0;183.0;NÃO;R DONA EUGENIA;IMPAR;CRESCENTE;CALCADA          ;;
2023-04-01 01:33:39.116;PONTO DE PARADA (ÔNIBUS)                     ;INSTALADO;;17/05/1979;R CARLOS DE LAET;237.0;0.0;NÃO;R PEDRO VELHO;IMPAR;CRESCENTE;CALCADA          ;;
2023-04-01 01:33:39.116;PONTO DE PARADA (ÔNIBUS)                     ;INSTALADO;;17/05/1979;AV DR CARLOS BARBOSA;530.0;0.0;SIM;AV OSWALDO ROLLA (FOGUINHO);IMPAR;CRESCENTE;CALCADA          ;;
2023-04-01 01:33:39.116;PARADA OBRIGATÓRIA;INSTALADO;;17/05/1979;R BARAO DE TEFFE;157.0;0.0;NÃO;R ALMIRANTE GONCALVES;IMPAR;CRESCENTE;CALCADA          ;;
2023-04-01 01:33:39.117;PONTO DE PARADA (ÔNIBUS)                     ;INSTALADO;;18/05/1979;R CEL NEVES;149.0;0.0;NÃO;AV GEN GOMES CARNEIRO;IMPAR;CRESCENTE;CALCADA          ;;
2023-04-01 01:33:39.118;PARADA OBRIGATÓRIA;INSTALADO;;22/05/1979;R NUNES;49.0;49.0;NÃO;TRAV VIAMAO;IMPAR;CRESCENTE;CALCADA          ;;
2023-04-01 01:33:39.118;PARADA OBRIGATÓRIA;INSTALADO;;24/05/1979;R SANTA CATARINA;237.0;237.0;NÃO;R SAO NICOLAU;IMPAR;CRESCENTE;CALCADA          ;;
2023-04-01 01:33:39.118;PARADA OBRIGATÓRIA;INSTALADO;;24/05/1979;R DONA PAULINA;340.0;0.0;SIM;R PADRE JOAO BATISTA REUS;IMPAR;CRESCENTE;CALCADA          ;;
2023-04-01 01:33:39.118;PONTO DE PARADA (ÔNIBUS)                     ;INSTALADO;;24/05/1979;AV PEREIRA PASSOS;510.0;520.0;SIM;R DR POSSIDONIO CUNHA;IMPAR;CRESCENTE;CALCADA          ;;
2023-04-01 01:33:39.118;PARADA OBRIGATÓRIA;INSTALADO;N/P;25/05/1979;R AVARE;200.0;0.0;SIM;AV SERTORIO;IMPAR;CRESCENTE;CALCADA          ;;
2023-04-01 01:33:39.118;PONTO DE PARADA (ÔNIBUS)                     ;INSTALADO;;25/05/1979;R EDMUNDO BASTIAN;633.0;633.0;NÃO;R IRENE CAPPONI SANTIAGO;IMPAR;CRESCENTE;CALCADA          ;;
2023-04-01 01:33:39.118;PONTO DE PARADA (ÔNIBUS)                     ;INSTALADO;;29/05/1979;AV TEIXEIRA MENDES;850.0;892.0;SIM;R GEN FRANCISCO DE PAULA CIDADE;IMPAR;CRESCENTE;CALCADA          ;;
2023-04-01 01:33:39.120;PROIBIDO ESTACIONAR;INSTALADO;;30/05/1979;R MOSTARDEIRO;577.0;0.0;NÃO;AV GOETHE;IMPAR;CRESCENTE;CALCADA          ;;
2023-04-01 01:33:39.120;PONTO DE PARADA (ÔNIBUS)                     ;INSTALADO;;11/06/1979;R CARLOS FERREIRA;325.0;0.0;NÃO;AV ARNALDO BOHRER;IMPAR;CRESCENTE;CALCADA          ;;
2023-04-01 01:33:39.122;PROIBIDO ESTACIONAR - CAMINHÃO;INSTALADO;PE SOMENTE CAMINHÃO;18/06/1979;TRAV AFONSO MARQUES;41.0;41.0;NÃO;AV SERTORIO;IMPAR;CRESCENTE;CALCADA          ;;
2023-04-01 01:33:39.122;PONTO DE PARADA (ÔNIBUS)                     ;INSTALADO;I-23 - S1;21/06/1979;AV ASSIS BRASIL;7045.0;7045.0;NÃO;R SENHOR DO BOM FIM;IMPAR;CRESCENTE;CALCADA          ;;
2023-04-01 01:33:39.122;PARADA OBRIGATÓRIA;INSTALADO;;28/06/1979;R PODALIRIO TEIXEIRA MACHADO;141.0;0.0;NÃO;ESTR FRANCISCA DE OLIVEIRA VIEIRA;IMPAR;CRESCENTE;CALCADA          ;;
2023-04-01 01:33:39.122;PONTO DE PARADA (ÔNIBUS)                     ;INSTALADO;;03/07/1979;AV UIRAPURU;107.0;0.0;NÃO;R PINTASSILGO;IMPAR;CRESCENTE;CALCADA          ;;
2023-04-01 01:33:39.122;PONTO DE PARADA (ÔNIBUS)                     ;INSTALADO;- C/PS1 (DF A ESC. NEHTYA MARTINS RAMOS);09/07/1979;AV LAMI;1153.0;1153.0;NÃO;ESTR CHAPEU DO SOL;IMPAR;CRESCENTE;CALCADA          ;;
2023-04-01 01:33:39.124;PARADA OBRIGATÓRIA;INSTALADO;;27/11/1979;R MONSENHOR VERAS;817.0;817.0;NÃO;AV IPIRANGA;IMPAR;CRESCENTE;CALCADA          ;;
2023-04-01 01:33:39.124;PARADA OBRIGATÓRIA;INSTALADO;;08/01/1980;R GEN FRANCISCO DE PAULA CIDADE;46.0;46.0;SIM;R DR PRUDENTE DE MORAES;IMPAR;CRESCENTE;CALCADA          ;;
2023-04-01 01:33:39.124;PONTO DE PARADA (ÔNIBUS)                     ;INSTALADO;;21/01/1980;R PARQUE;315.0;315.0;NÃO;R SANTOS DUMONT;IMPAR;CRESCENTE;CALCADA          ;;
2023-04-01 01:33:39.118;SENTIDO DE CIRCULAÇÃO DA VIA (SO)            ;INSTALADO;;24/05/1979;AV PERNAMBUCO;2253.0;2253.0;NÃO;AV BERLIM;IMPAR;DECRESCENTE;CALCADA          ;;
2023-04-01 01:33:39.118;PONTO DE PARADA (ÔNIBUS)                     ;INSTALADO;;25/05/1979;R TAIM;55.0;0.0;NÃO;R PAQUETA;IMPAR;CRESCENTE;CALCADA          ;;
2023-04-01 01:33:39.118;"CRIANÇAS - LEGENDA ""CRIANÇAS"" - ( 60X80 )";INSTALADO;;25/05/1979;R ALBA GARCIA DE OLIVEIRA;125.0;0.0;NÃO;R DRA ANTONIETA CESAR DIAS;IMPAR;CRESCENTE;CALCADA          ;;
2023-04-01 01:33:39.118;PONTO DE PARADA (ÔNIBUS)                     ;INSTALADO;;28/05/1979;AV FORTE;1583.0;1583.0;NÃO;TRAV ABRAMO EBERLE;IMPAR;CRESCENTE;CALCADA          ;;
2023-04-01 01:33:39.118;"CRIANÇAS - LEGENDA ""CRIANÇAS"" - ( 60X80 )";INSTALADO;;29/05/1979;R JOSE ANTONIO ARANHA;235.0;0.0;NÃO;R GEN NESTOR SILVA SOARES;IMPAR;CRESCENTE;CALCADA          ;;
2023-04-01 01:33:39.120;PARADA OBRIGATÓRIA;INSTALADO;;31/05/1979;AV BURGUESES;395.0;0.0;NÃO;R ALBION;IMPAR;CRESCENTE;CALCADA          ;;
2023-04-01 01:33:39.120;PARADA OBRIGATÓRIA;INSTALADO;;31/05/1979;AV CERES;390.0;390.0;SIM;R ALBION;IMPAR;CRESCENTE;CALCADA          ;;
2023-04-01 01:33:39.120;SENTIDO DE CIRCULAÇÃO DA VIA (SO)            ;INSTALADO;;01/06/1979;PCA LIBANEZA;113.0;113.0;SIM;AV QUITO;IMPAR;CRESCENTE;LEITO DA VIA     ;;
2023-04-01 01:33:39.120;PARADA OBRIGATÓRIA;INSTALADO;;05/06/1979;AV VINTE UM DE ABRIL;555.0;0.0;NÃO;AV MARTINS BASTOS;IMPAR;CRESCENTE;CALCADA          ;;
2023-04-01 01:33:39.122;SENTIDO DE CIRCULAÇÃO DA VIA (SO)            ;INSTALADO;EM FRENTE AO ACESSO B TREVO IPIRANGA SALVADOR FRANCA.;02/07/1979;AV IPIRANGA;5311.0;5311.0;NÃO;R DR SALVADOR FRANCA;IMPAR;CRESCENTE;CANTEIRO CENTRAL ;;
2023-04-01 01:33:39.122;PARADA OBRIGATÓRIA;INSTALADO;;17/08/1979;R SANTA CATARINA;133.0;133.0;NÃO;R PADRE HILDEBRANDO;IMPAR;CRESCENTE;CALCADA          ;;
2023-04-01 01:33:39.122;TÁXI - EMBARQUE                      ;INSTALADO;TAXI EMBARQUE;29/08/1979;R GOMES DE FREITAS;73.0;73.0;NÃO;AV MATHILDE TREIN RENNER;IMPAR;CRESCENTE;CALCADA          ;;
2023-04-01 01:33:39.124;PARADA OBRIGATÓRIA;INSTALADO;;03/12/1979;R GONCALVES LEDO;517.0;517.0;NÃO;AV IPIRANGA;IMPAR;CRESCENTE;CALCADA          ;;
2023-04-01 01:33:39.124;PONTO DE PARADA (ÔNIBUS)                     ;INSTALADO;;09/01/1980;R ENG ANTONIO CARLOS TIBIRICA;330.0;330.0;SIM;R PROF CRISTIANO FISCHER;IMPAR;CRESCENTE;CALCADA          ;;
2023-04-01 01:33:39.124;CRIANÇAS;INSTALADO;;31/01/1980;R PONCHE VERDE;47.0;0.0;NÃO;R ABELARDO MARQUES;IMPAR;CRESCENTE;CALCADA          ;;
2023-04-01 01:33:39.125;FAIXA DE RETENÇÃO                            ;INSTALADO;;08/03/1980;R VOLUNTARIOS DA PATRIA;4089.0;4089.0;NÃO;AV SERTORIO;IMPAR;CRESCENTE;LEITO DA VIA     ;;
2023-04-01 01:33:39.125;FAIXA DE RETENÇÃO                            ;INSTALADO;;10/03/1980;R VARZEA;281.0;0.0;NÃO;AV SERTORIO;IMPAR;CRESCENTE;LEITO DA VIA     ;;
2023-04-01 01:33:39.125;PONTO DE PARADA (ÔNIBUS)                     ;INSTALADO;- C/P;26/03/1980;AV SERTORIO;473.0;473.0;NÃO;AV PRESIDENTE FRANKLIN ROOSEVELT;IMPAR;CRESCENTE;CALCADA          ;;
2023-04-01 01:33:39.125;PROIBIDO VIRAR À ESQUERDA;INSTALADO;N/P;01/04/1980;AV VENANCIO AIRES;649.0;649.0;NÃO;R SANTANA;IMPAR;CRESCENTE;CALCADA          ;;
2023-04-01 01:33:39.126;PARADA OBRIGATÓRIA;INSTALADO;;14/05/1980;R SAO SIMAO;896.0;0.0;SIM;R PROF ABILIO AZAMBUJA;IMPAR;CRESCENTE;CALCADA          ;;
2023-04-01 01:33:39.126;PARADA OBRIGATÓRIA;INSTALADO;;07/07/1980;AV OTTO NIEMEYER;3660.0;3660.0;SIM;AV VICENTE MONTEGGIA;IMPAR;CRESCENTE;CALCADA          ;;
2023-04-01 01:33:39.118;PONTO DE PARADA (ÔNIBUS)                     ;INSTALADO;;23/05/1979;AV OTTO NIEMEYER;2253.0;2245.0;NÃO;TRAV ESCOBAR;IMPAR;CRESCENTE;CALCADA          ;;
2023-04-01 01:33:39.118;PARADA OBRIGATÓRIA;INSTALADO;;24/05/1979;R VICENTE FAILACE;153.0;153.0;NÃO;R SARGENTO NICOLAU DIAS DE FARIAS;IMPAR;CRESCENTE;CALCADA          ;;
2023-04-01 01:33:39.118;PONTO DE PARADA (ÔNIBUS)                     ;INSTALADO;;24/05/1979;AV INDUSTRIARIOS;67.0;101.0;SIM;R TUPANCIRETA;IMPAR;CRESCENTE;CALCADA          ;;
2023-04-01 01:33:39.118;PROIBIDO ESTACIONAR;INSTALADO;;24/05/1979;AV WENCESLAU ESCOBAR;2447.0;2442.0;NÃO;PCA COMENDADOR SOUZA GOMES;IMPAR;CRESCENTE;CALCADA          ;;
2023-04-01 01:33:39.118;PONTO DE PARADA (ÔNIBUS)                     ;INSTALADO;;29/05/1979;AV JOSE GERTUM;258.0;258.0;SIM;R DR JORGE FAYET;IMPAR;CRESCENTE;CALCADA          ;;
2023-04-01 01:33:39.120;PARADA OBRIGATÓRIA;INSTALADO;;31/05/1979;R WALDOMIRO SCHAPKE;165.0;0.0;NÃO;AV ELIAS CIRNE LIMA;IMPAR;CRESCENTE;CALCADA          ;;
2023-04-01 01:33:39.120;PONTO DE PARADA (ÔNIBUS)                     ;INSTALADO;;06/06/1979;R MOREIRA DA SILVA;29.0;29.0;NÃO;R FELIPE DOS PASSOS;IMPAR;CRESCENTE;CALCADA          ;;
2023-04-01 01:33:39.120;PONTO DE PARADA (ÔNIBUS)                     ;INSTALADO;I-23 - S1;06/06/1979;AV ASSIS CHATEAUBRIAND;395.0;395.0;NÃO;R JOSE MAURICIO;IMPAR;CRESCENTE;CALCADA          ;;
2023-04-01 01:33:39.120;PONTO DE PARADA (ÔNIBUS)                     ;INSTALADO;I-23 - S1;07/06/1976;R ANA AURORA DO AMARAL LISBOA;209.0;209.0;NÃO;AV ALEXANDRE LUIZ;IMPAR;CRESCENTE;CALCADA          ;;
2023-04-01 01:33:39.122;PARADA OBRIGATÓRIA;INSTALADO;;13/06/1979;R DR PEREIRA DA CUNHA;377.0;0.0;NÃO;R CAPITAO PEDRO WERLANG;IMPAR;CRESCENTE;CALCADA          ;;
2023-04-01 01:33:39.122;PARADA OBRIGATÓRIA;INSTALADO;;13/06/1979;R DR TELMO VERGARA;752.0;0.0;SIM;R PADRE TODESCO;IMPAR;CRESCENTE;CALCADA          ;;
2023-04-01 01:33:39.122;PARADA OBRIGATÓRIA;INSTALADO;;13/06/1979;R LANDEL DE MOURA;2817.0;2817.0;NÃO;R JOAO MORA;IMPAR;CRESCENTE;CALCADA          ;;
2023-04-01 01:33:39.122;"CRIANÇAS - LEGENDA ""CRIANÇAS"" - ( 60X80 )";INSTALADO;;25/06/1979;AV DONARIO BRAGA;272.0;0.0;NÃO;R ALBA GARCIA DE OLIVEIRA;IMPAR;CRESCENTE;CALCADA          ;;
2023-04-01 01:33:39.122;PONTO DE PARADA (ÔNIBUS)                     ;INSTALADO;S3 - ;27/06/1979;AV CEL MARCOS;725.0;725.0;NÃO;TRAV PEDRA REDONDA;IMPAR;CRESCENTE;CALCADA          ;;
2023-04-01 01:33:39.122;"CRIANÇAS - LEGENDA ""CRIANÇAS"" - ( 60X80 )";INSTALADO;;04/07/1979;R GEN FRANCISCO DE PAULA CIDADE;475.0;0.0;NÃO;TRAV AURORA;IMPAR;CRESCENTE;CALCADA          ;;
2023-04-01 01:33:39.124;PARADA OBRIGATÓRIA;INSTALADO;;19/12/1979;R JOAO ZANENGA;277.0;0.0;NÃO;R AMOROSO COSTA;IMPAR;CRESCENTE;CALCADA          ;;
2023-04-01 01:33:39.124;FAIXA DE TRAVESSIA DE PEDESTRES (ZEBRADA);INSTALADO;- 07TJ - 04MX0,40M -  - PINTURA BICOMPONENTE;14/02/1980;AV ANTONIO CARVALHO;571.0;571.0;NÃO;R IRMA AMBROSIO;IMPAR;CRESCENTE;LEITO DA VIA     ;;
2023-04-01 01:33:39.125;MALA (DIVISOR FÍSICO DE CONCRETO)            ;INSTALADO;;28/03/1980;R RAMIRO BARCELOS;2129.0;0.0;NÃO;PCA DR JULIO DE ARAGAO BOZANO;IMPAR;DECRESCENTE;CANTEIRO CENTRAL ;;
2023-04-01 01:33:39.126;SENTIDO DE CIRCULAÇÃO DA VIA (SO)            ;INSTALADO;;28/04/1980;R HUGO RIBEIRO;73.0;73.0;NÃO;R AUGUSTO MELECCHI;IMPAR;CRESCENTE;CALCADA          ;;
2023-04-01 01:33:39.116;PARADA OBRIGATÓRIA;INSTALADO;R-1 - PARE  - S1;16/05/1979;R SAO VICENTE;577.0;577.0;NÃO;R FELIPE DE OLIVEIRA;IMPAR;CRESCENTE;CALCADA          ;;
2023-04-01 01:33:39.118;PONTO DE PARADA (ÔNIBUS)                     ;INSTALADO;;22/05/1979;R DOM JOAO VI;111.0;117.0;NÃO;R NOSSA SENHORA DAS GRACAS;IMPAR;CRESCENTE;CALCADA          ;;
2023-04-01 01:33:39.118;SENTIDO DE CIRCULAÇÃO DA VIA (SO)            ;INSTALADO;;24/05/1979;AV ASSIS BRASIL;1045.0;1045.0;NÃO;R PIAUI;IMPAR;DECRESCENTE;CALCADA          ;;
2023-04-01 01:33:39.118;PARADA OBRIGATÓRIA;INSTALADO;;28/05/1979;R ITAPEVA;528.0;0.0;SIM;R JARY;IMPAR;CRESCENTE;CALCADA          ;;
2023-04-01 01:33:39.118;PONTO DE PARADA (ÔNIBUS)                     ;INSTALADO;;28/05/1979;AV JOAO WALLIG;643.0;643.0;NÃO;R ARTUR FABIAO CARNEIRO;IMPAR;CRESCENTE;CALCADA          ;;
2023-04-01 01:33:39.118;SENTIDO DE CIRCULAÇÃO DA VIA (SO)            ;INSTALADO;;29/05/1979;R MATIAS JOSE BINS;210.0;210.0;SIM;R LUIZ VOELCKER;IMPAR;CRESCENTE;CALCADA          ;;
2023-04-01 01:33:39.120;PARADA OBRIGATÓRIA;INSTALADO;;13/06/1979;R DR PEDRO MOTTA;116.0;116.0;SIM;R PADRE TODESCO;IMPAR;CRESCENTE;CALCADA          ;;
2023-04-01 01:33:39.120;PONTO DE PARADA (ÔNIBUS)                     ;INSTALADO;;13/06/1979;R DR FELIX CONTREIRAS RODRIGUES;236.0;228.0;SIM;R RIVADAVIA CORREIA;IMPAR;CRESCENTE;CALCADA          ;;
2023-04-01 01:33:39.122;SENTIDO DE CIRCULAÇÃO DA VIA (SO)            ;INSTALADO;;19/06/1979;R JACINTO GOMES;289.0;289.0;NÃO;AV JERONIMO DE ORNELAS;IMPAR;CRESCENTE;CALCADA          ;;
2023-04-01 01:33:39.122;"CRIANÇAS - LEGENDA ""CRIANÇAS"" - ( 60X80 )";INSTALADO;;22/06/1979;R CEL HILARIO PEREIRA FORTES;36.0;0.0;NÃO;R PROF JORGE BAHLIS;IMPAR;DECRESCENTE;CALCADA          ;;
2023-04-01 01:33:39.122;PONTO DE PARADA (ÔNIBUS)                     ;INSTALADO;;29/06/1979;ESTR CRISTIANO KRAEMER;13.0;25.0;NÃO;R JOSE ALVES DE CASTRO;IMPAR;CRESCENTE;CALCADA          ;;
2023-04-01 01:33:39.122;PARADA OBRIGATÓRIA;INSTALADO;;03/07/1979;AV CAI;119.0;119.0;NÃO;R TAQUARY;IMPAR;CRESCENTE;CALCADA          ;;
2023-04-01 01:33:39.122;SENTIDO DE CIRCULAÇÃO DA VIA (SO)            ;INSTALADO;;10/07/1979;AV IPIRANGA;4055.0;4055.0;NÃO;R VERISSIMO ROSA;IMPAR;CRESCENTE;CANTEIRO CENTRAL ;;
2023-04-01 01:33:39.124;PONTO DE PARADA (ÔNIBUS)                     ;INSTALADO;;11/01/1980;AV JORDAO;469.0;469.0;NÃO;R SAO LUCAS;IMPAR;CRESCENTE;CALCADA          ;;
2023-04-01 01:33:39.124;SENTIDO DE CIRCULAÇÃO DA VIA (SO)            ;INSTALADO;;14/01/1980;AV BERLIM;775.0;0.0;NÃO;AV BENJAMIN CONSTANT;IMPAR;DECRESCENTE;CALCADA          ;;
2023-04-01 01:33:39.124;PARADA OBRIGATÓRIA;INSTALADO;;15/01/1980;R ANGELO BARCELOS;525.0;0.0;NÃO;R JUAREZ TAVORA;IMPAR;CRESCENTE;CALCADA          ;;
2023-04-01 01:33:39.124;PONTO DE PARADA (ÔNIBUS)                     ;INSTALADO;;16/01/1980;R PASCOA;215.0;215.0;NÃO;R JERUSALEM;IMPAR;CRESCENTE;CALCADA          ;;
2023-04-01 01:33:39.124;PARADA OBRIGATÓRIA;INSTALADO;;22/01/1980;R CEL GENUINO;342.0;0.0;SIM;AV BORGES DE MEDEIROS;IMPAR;CRESCENTE;CALCADA          ;;
2023-04-01 01:33:39.124;PARADA OBRIGATÓRIA;INSTALADO;;23/01/1980;R MOURA AZEVEDO;182.0;182.0;SIM;R CONSELHEIRO TRAVASSOS;IMPAR;CRESCENTE;CALCADA          ;;
2023-04-01 01:33:39.110;SENTIDO DE CIRCULAÇÃO DA VIA (SO)            ;INSTALADO;;27/03/1979;R GEN CANABARRO;363.0;363.0;NÃO;R RIACHUELO;IMPAR;DECRESCENTE;CALCADA          ;;
2023-04-01 01:33:39.111;PARADA OBRIGATÓRIA;INSTALADO;- ESTA A 18M DO NR 126;29/03/1979;R ESPIRITO SANTO;126.0;126.0;SIM;R CEL FERNANDO MACHADO;IMPAR;CRESCENTE;CALCADA          ;;
2023-04-01 01:33:39.112;SENTIDO DE CIRCULAÇÃO DA VIA (SO)            ;INSTALADO;;30/03/1979;R RIACHUELO;715.0;715.0;NÃO;R GEN BENTO MARTINS;IMPAR;DECRESCENTE;CALCADA          ;;
2023-04-01 01:33:39.112;PROIBIDO ESTACIONAR;INSTALADO;;02/05/1979;AV CEARA;1165.0;1199.0;NÃO;R CAIRU;IMPAR;CRESCENTE;CALCADA          ;;
2023-04-01 01:33:39.112;PONTO DE PARADA (ÔNIBUS)                     ;INSTALADO;;02/05/1979;R DR JOAO INACIO;1165.0;0.0;NÃO;AV PARANA;IMPAR;CRESCENTE;CALCADA          ;;
2023-04-01 01:33:39.112;SENTIDO DE CIRCULAÇÃO DA VIA (SO)            ;INSTALADO;N/P SEMAFORO;03/05/1979;AV PERNAMBUCO;2070.0;0.0;SIM;AV SAO PEDRO;IMPAR;DECRESCENTE;CALCADA          ;;
2023-04-01 01:33:39.112;SENTIDO DE CIRCULAÇÃO DA VIA (SO)            ;INSTALADO;;04/05/1979;R VISCONDE DO RIO BRANCO;279.0;279.0;NÃO;TRAV AZEVEDO;IMPAR;CRESCENTE;CALCADA          ;;
2023-04-01 01:33:39.113;SENTIDO DE CIRCULAÇÃO DA VIA (SO)            ;INSTALADO;;07/05/1979;R MIGUEL TOSTES;187.0;187.0;NÃO;R DONA LAURA;IMPAR;CRESCENTE;CALCADA          ;;
2023-04-01 01:33:39.113;PARADA OBRIGATÓRIA;INSTALADO;;09/05/1979;R TITO LIVIO ZAMBECARI;715.0;715.0;NÃO;R ARTUR ROCHA;IMPAR;CRESCENTE;CALCADA          ;;
2023-04-01 01:33:39.113;PARADA OBRIGATÓRIA;INSTALADO;;09/05/1979;R TITO LIVIO ZAMBECARI;815.0;815.0;NÃO;R CARLOS TREIN FILHO;IMPAR;CRESCENTE;CALCADA          ;;
2023-04-01 01:33:39.115;PARADA OBRIGATÓRIA;INSTALADO;;10/05/1979;R SAO NICOLAU;241.0;241.0;NÃO;R VINTE CINCO DE JULHO;IMPAR;CRESCENTE;CALCADA          ;;
2023-04-01 01:33:39.115;SENTIDO DE CIRCULAÇÃO DA VIA (SO)            ;INSTALADO;CALÇADA DO SHOPING PRAIA DE BELAS;11/05/1979;AV IPIRANGA;17.0;73.0;NÃO;AV PRAIA DE BELAS;IMPAR;CRESCENTE;CALCADA          ;;
2023-04-01 01:33:39.115;SENTIDO DE CIRCULAÇÃO DA VIA (SO)            ;INSTALADO;;11/05/1979;R LUIZ AFONSO;645.0;645.0;NÃO;R JOAO ALFREDO;IMPAR;CRESCENTE;CALCADA          ;;
2023-04-01 01:33:39.115;SENTIDO DE CIRCULAÇÃO DA VIA (SO)            ;INSTALADO;;11/05/1979;R REPUBLICA;801.0;0.0;NÃO;PCA CONEGO MARCELINO;IMPAR;CRESCENTE;CALCADA          ;;
2023-04-01 01:33:39.115;SENTIDO DE CIRCULAÇÃO DA VIA (SO)            ;INSTALADO;- C/PS2 JTO COM  R-1;11/05/1979;R DR VOLTAIRE PIRES;1033.0;1033.0;NÃO;R DR MALHEIROS;IMPAR;CRESCENTE;CALCADA          ;;
2023-04-01 01:33:39.115;PARADA OBRIGATÓRIA;INSTALADO;;14/05/1979;R GONCALVES DIAS;365.0;0.0;NÃO;R VISCONDE DO HERVAL;IMPAR;CRESCENTE;CALCADA          ;;
2023-04-01 01:33:39.115;SENTIDO DE CIRCULAÇÃO DA VIA (SO)            ;INSTALADO;;14/05/1979;R GEN CALDWELL;615.0;615.0;NÃO;AV GETULIO VARGAS;IMPAR;DECRESCENTE;CALCADA          ;;
2023-04-01 01:33:39.115;SENTIDO DE CIRCULAÇÃO DA VIA (SO)            ;INSTALADO;;14/05/1979;R GEN CALDWELL;724.0;724.0;SIM;R GONCALVES DIAS;IMPAR;DECRESCENTE;CALCADA          ;;
2023-04-01 01:33:39.116;SENTIDO DE CIRCULAÇÃO DA VIA (SO)            ;INSTALADO;EM FRENTE AO CRUZAMENTO;15/05/1979;AV JOAO PESSOA;2175.0;2175.0;NÃO;R LEOPOLDO BIER;IMPAR;DECRESCENTE;CANTEIRO CENTRAL ;;
2023-04-01 01:33:39.118;PARADA OBRIGATÓRIA;INSTALADO;;24/05/1979;AV COPACABANA;218.0;0.0;SIM;R SARGENTO NICOLAU DIAS DE FARIAS;IMPAR;CRESCENTE;CALCADA          ;;
2023-04-01 01:33:39.118;PARADA OBRIGATÓRIA;INSTALADO;C/PS1;24/05/1979;R MORRETES;259.0;0.0;NÃO;R SAO NICOLAU;IMPAR;CRESCENTE;CALCADA          ;;
2023-04-01 01:33:39.118;PONTO DE PARADA (ÔNIBUS)                     ;INSTALADO;- C/PS1. ;25/05/1979;R PEDRO LESSA;163.0;163.0;NÃO;R DIAMANTINA;IMPAR;CRESCENTE;CALCADA          ;;
2023-04-01 01:33:39.118;PONTO DE PARADA (ÔNIBUS)                     ;INSTALADO;;25/05/1979;AV CARNEIRO DA FONTOURA;771.0;0.0;NÃO;AV MARQUES DE SOUZA;IMPAR;CRESCENTE;CALCADA          ;;
2023-04-01 01:33:39.118;PARADA OBRIGATÓRIA;INSTALADO;;29/05/1979;AV TEIXEIRA MENDES;684.0;0.0;NÃO;AV JOSE GERTUM;IMPAR;CRESCENTE;CALCADA          ;;
2023-04-01 01:33:39.120;PONTO DE PARADA (ÔNIBUS)                     ;INSTALADO;;05/06/1979;AV FARIA LOBATO;361.0;0.0;NÃO;R VIDAL BARBOSA;IMPAR;DECRESCENTE;CALCADA          ;;
2023-04-01 01:33:39.120;PARADA OBRIGATÓRIA;INSTALADO;;11/06/1979;R SANTIAGO DANTAS;515.0;0.0;NÃO;AV PROF OSCAR PEREIRA;IMPAR;CRESCENTE;CALCADA          ;;
2023-04-01 01:33:39.120;PONTO DE PARADA (ÔNIBUS)                     ;INSTALADO;;11/06/1979;R INTENDENTE ALFREDO AZEVEDO;869.0;885.0;NÃO;R SAO MIGUEL;IMPAR;CRESCENTE;CALCADA          ;;
2023-04-01 01:33:39.122;GRADIL ( METROS )                            ;INSTALADO;;24/09/1979;AV PROF OSCAR PEREIRA;2549.0;0.0;NÃO;R LUIZA ROCCO;IMPAR;CRESCENTE;CANTEIRO CENTRAL ;;
2023-04-01 01:33:39.122;PONTO DE PARADA (ÔNIBUS)                     ;INSTALADO;;03/10/1979;R PATAGONIA;129.0;129.0;NÃO;R PANAMA;IMPAR;CRESCENTE;CALCADA          ;;
2023-04-01 01:33:39.122;FAIXA DE TRAVESSIA DE PEDESTRES (ZEBRADA);INSTALADO;7 TARJAS;22/10/1979;R COMENDADOR CASTRO;427.0;409.0;NÃO;AV TRAMANDAI;IMPAR;CRESCENTE;LEITO DA VIA     ;;
2023-04-01 01:33:39.124;FAIXA DE TRAVESSIA DE PEDESTRES (ZEBRADA);INSTALADO;;17/01/1980;R DR CAMPOS VELHO;431.0;0.0;NÃO;AV ICARAI;IMPAR;CRESCENTE;LEITO DA VIA     ;;
2023-04-01 01:33:39.125;SENTIDO DE CIRCULAÇÃO DA VIA (SO)            ;INSTALADO;;07/03/1980;R BOTAFOGO;341.0;341.0;NÃO;R CICERO AHRENDS;IMPAR;CRESCENTE;CALCADA          ;;
2023-04-01 01:33:39.118;PONTO DE PARADA (ÔNIBUS)                     ;INSTALADO;;23/05/1979;AV CAVALHADA;2517.0;0.0;NÃO;R DR BARCELOS;IMPAR;CRESCENTE;CALCADA          ;;
2023-04-01 01:33:39.118;PONTO DE PARADA (ÔNIBUS)                     ;INSTALADO;;24/05/1979;R JOSE GOMES;401.0;401.0;NÃO;AV OTTO NIEMEYER;IMPAR;CRESCENTE;CALCADA          ;;
2023-04-01 01:33:39.120;PARADA OBRIGATÓRIA;INSTALADO;;31/05/1979;R CAPITAO PEDRO WERLANG;179.0;179.0;NÃO;AV ELIAS CIRNE LIMA;IMPAR;CRESCENTE;CALCADA          ;;
2023-04-01 01:33:39.120;PROIBIDO ESTACIONAR;INSTALADO;;06/06/1979;R ABAETE;29.0;65.0;NÃO;R ARARAS;IMPAR;CRESCENTE;CALCADA          ;;
2023-04-01 01:33:39.120;PONTO DE PARADA (ÔNIBUS)                     ;INSTALADO;;06/06/1979;R LA PLATA;579.0;0.0;NÃO;R VERISSIMO ROSA;IMPAR;CRESCENTE;CALCADA          ;;
2023-04-01 01:33:39.120;PARADA OBRIGATÓRIA;INSTALADO;;06/06/1979;R MACHADO DE ASSIS;793.0;0.0;NÃO;R LA PLATA;IMPAR;CRESCENTE;CALCADA          ;;
2023-04-01 01:33:39.120;PONTO DE PARADA (ÔNIBUS)                     ;INSTALADO;;11/06/1979;R JUAREZ TAVORA;435.0;0.0;NÃO;R ANGELO BARCELOS;IMPAR;CRESCENTE;CALCADA          ;;
2023-04-01 01:33:39.120;PARADA OBRIGATÓRIA;INSTALADO;;13/06/1979;R DR PEREIRA DA CUNHA;101.0;101.0;NÃO;R PADRE TODESCO;IMPAR;CRESCENTE;CALCADA          ;;
2023-04-01 01:33:39.120;PONTO DE PARADA (ÔNIBUS)                     ;INSTALADO;;13/06/1979;R COMENDADOR EDUARDO SECCO;321.0;0.0;NÃO;R ENG OSCAR DA CUNHA CORREA;IMPAR;CRESCENTE;CALCADA          ;;
2023-04-01 01:33:39.122;PONTO DE PARADA (ÔNIBUS)                     ;INSTALADO;S1 - DF 2266;19/06/1979;AV CEL MARCOS;2283.0;2283.0;NÃO;R DEA COUFAL;IMPAR;CRESCENTE;CALCADA          ;;
2023-04-01 01:33:39.122;SENTIDO DE CIRCULAÇÃO DA VIA (SO)            ;INSTALADO;NA ROTATORIA;21/06/1979;AV ASSIS BRASIL;8450.0;0.0;NÃO;AV ASSIS BRASIL;IMPAR;CRESCENTE;CANTEIRO CENTRAL ;;
2023-04-01 01:33:39.122;SENTIDO DE CIRCULAÇÃO DA VIA (SO)            ;INSTALADO;NA PONTE - S-N - NO POSTE DA PLACA AEREA DE RETORNO;02/07/1979;R DR SALVADOR FRANCA;633.0;633.0;NÃO;AV IPIRANGA;IMPAR;CRESCENTE;CANTEIRO CENTRAL ;;
2023-04-01 01:33:39.122;SENTIDO DE CIRCULAÇÃO DA VIA (SO)            ;INSTALADO;;12/10/1979;PCA CONEGO MARCELINO;135.0;0.0;NÃO;R BARONEZA DO GRAVATAI;IMPAR;CRESCENTE;CALCADA          ;;
2023-04-01 01:33:39.124;PROIBIDO ESTACIONAR;INSTALADO;;12/11/1979;R CASEMIRO DE ABREU;450.0;448.0;SIM;R MARIANTE;IMPAR;DECRESCENTE;CALCADA          ;;
2023-04-01 01:33:39.124;TÁXI - EMBARQUE                      ;INSTALADO;TÁXI - EMBARQUE;13/11/1979;AV BORGES DE MEDEIROS;929.0;929.0;NÃO;R CEL FERNANDO MACHADO;IMPAR;CRESCENTE;CALCADA          ;;
2023-04-01 01:33:39.124;PROIBIDO ESTACIONAR;INSTALADO;INICIO;07/12/1979;R LA PLATA;313.0;313.0;NÃO;R GONCALVES LEDO;IMPAR;CRESCENTE;CALCADA          ;;
2023-04-01 01:33:39.124;PONTO DE PARADA (ÔNIBUS)                     ;INSTALADO;;11/01/1980;R PATAGONIA;24.0;24.0;SIM;R PANAMA;IMPAR;CRESCENTE;CALCADA          ;;
2023-04-01 01:33:39.124;PONTO DE PARADA (ÔNIBUS)                     ;INSTALADO;;15/01/1980;R SAO MANOEL;1803.0;1813.0;NÃO;R MONSENHOR VERAS;IMPAR;CRESCENTE;CALCADA          ;;
2023-04-01 01:33:39.126;PONTO DE PARADA (ÔNIBUS)                     ;INSTALADO;;28/04/1980;AV FRANCISCO MASSENA VIEIRA;207.0;207.0;NÃO;AV MOAB CALDAS;IMPAR;CRESCENTE;CALCADA          ;;
2023-04-01 01:33:39.110;TÁXI - EMBARQUE                      ;INSTALADO;I-25 - TÁXI;23/03/1979;R GEN CAMARA;156.0;156.0;SIM;R SETE DE SETEMBRO;IMPAR;CRESCENTE;CALCADA          ;;
2023-04-01 01:33:39.110;SENTIDO DE CIRCULAÇÃO DA VIA (SO)            ;INSTALADO;;26/03/1979;R CALDAS JUNIOR;6.0;0.0;SIM;AV MAUA;IMPAR;DECRESCENTE;CALCADA          ;;
2023-04-01 01:33:39.111;SENTIDO DE CIRCULAÇÃO DA VIA (SO)            ;INSTALADO;;27/03/1979;R GEN CYPRIANO FERREIRA;642.0;642.0;SIM;R WASHINGTON LUIZ;IMPAR;CRESCENTE;CALCADA          ;;
2023-04-01 01:33:39.111;SENTIDO DE CIRCULAÇÃO DA VIA (SO)            ;INSTALADO;;28/03/1979;R GEN BENTO MARTINS;345.0;345.0;NÃO;R RIACHUELO;IMPAR;CRESCENTE;CALCADA          ;;
2023-04-01 01:33:39.112;SENTIDO DE CIRCULAÇÃO DA VIA (SO)            ;INSTALADO;;03/05/1979;AV GUIDO MONDIN;549.0;549.0;NÃO;AV BAHIA;IMPAR;CRESCENTE;CALCADA          ;;
2023-04-01 01:33:39.113;PROIBIDO ACIONAR BUZINA OU SINAL SONORO      ;INSTALADO;R-20 - PROIBIDO ACIONAR BUZINA OU SINAL SONORO - S3;07/05/1979;AV INDEPENDENCIA;230.0;230.0;SIM;PCA DOM SEBASTIAO;IMPAR;CRESCENTE;CALCADA          ;;
2023-04-01 01:33:39.113;PARADA OBRIGATÓRIA;INSTALADO;;08/05/1979;AV BAGE;311.0;311.0;NÃO;AV IJUI;IMPAR;CRESCENTE;CALCADA          ;;
2023-04-01 01:33:39.115;PARADA OBRIGATÓRIA;INSTALADO;;10/05/1979;R PORTUGAL;319.0;319.0;NÃO;R AMERICO VESPUCIO;IMPAR;CRESCENTE;CALCADA          ;;
2023-04-01 01:33:39.115;PARADA OBRIGATÓRIA;INSTALADO;;10/05/1979;R SAO FRANCISCO DA CALIFORNIA;351.0;351.0;NÃO;R AMERICO VESPUCIO;IMPAR;CRESCENTE;CALCADA          ;;
2023-04-01 01:33:39.116;PARADA OBRIGATÓRIA;INSTALADO;;16/05/1979;R CHILE;461.0;461.0;NÃO;R LA PLATA;IMPAR;CRESCENTE;CALCADA          ;;
2023-04-01 01:33:39.117;PARADA OBRIGATÓRIA;INSTALADO;R-1 - PARE - S1;17/05/1979;R HUMBERTO DE CAMPOS;783.0;783.0;NÃO;R CALDRE E FIAO;IMPAR;CRESCENTE;CALCADA          ;;
2023-04-01 01:33:39.126;PARADA OBRIGATÓRIA;INSTALADO;;09/06/1980;R JOSE SCUTARI;463.0;463.0;NÃO;R ANITA GARIBALDI;IMPAR;CRESCENTE;CALCADA          ;;
2023-04-01 01:33:39.126;PROIBIDO PARAR E ESTACIONAR;INSTALADO;R-6C - S3;10/07/1980;R CEL VICENTE;183.0;220.0;NÃO;R COMENDADOR MANOEL PEREIRA;IMPAR;CRESCENTE;CALCADA          ;;
2023-04-01 01:33:39.126;PONTO DE PARADA (ÔNIBUS)                     ;INSTALADO;;05/08/1980;AV LAMI;7855.0;7855.0;NÃO;AV EDGAR PIRES DE CASTRO;IMPAR;CRESCENTE;CALCADA          ;;
2023-04-01 01:33:39.127;PROIBIDO ESTACIONAR - CARGA E DESCARGA PERMITIDA;INSTALADO;;11/09/1980;R ERNESTO FONTOURA;703.0;735.0;NÃO;AV PERNAMBUCO;IMPAR;CRESCENTE;CALCADA          ;;
2023-04-01 01:33:39.127;SENTIDO DE CIRCULAÇÃO DA VIA (SO)            ;INSTALADO;;16/09/1980;AV BRASIL;1527.0;0.0;NÃO;AV BENJAMIN CONSTANT;IMPAR;CRESCENTE;CALCADA          ;;
2023-04-01 01:33:39.127;FAIXA DE RETENÇÃO                            ;INSTALADO;- 07M X 0,60M - PINTURA BICOMPONENTE;07/10/1980;AV ANTONIO CARVALHO;1515.0;1515.0;NÃO;R FRANCISCO VALDOMIRO LORENZ;IMPAR;CRESCENTE;LEITO DA VIA     ;;
2023-04-01 01:33:39.127;FAIXA DE RETENÇÃO                            ;INSTALADO;- 09M X 0,60M;11/10/1980;AV DR CARLOS BARBOSA;991.0;981.0;NÃO;R OSCAR SCHNEIDER;IMPAR;CRESCENTE;LEITO DA VIA     ;;
2023-04-01 01:33:39.128;FAIXA DE TRAVESSIA DE PEDESTRES (ZEBRADA);INSTALADO;- 07TJ - 04MX0,40M;11/11/1980;AV BRASILIANO INDIO DE MORAES;219.0;219.0;NÃO;R TOROQUA;IMPAR;CRESCENTE;LEITO DA VIA     ;;
2023-04-01 01:33:39.130;PONTO DE PARADA (ÔNIBUS)                     ;INSTALADO;;03/02/1981;R SAO LUIZ;607.0;607.0;NÃO;R MAESTRO MENDANHA;IMPAR;CRESCENTE;CALCADA          ;;
2023-04-01 01:33:39.131;INDICATIVAS 2 X 1                            ;INSTALADO;- RETORNO PARTENON SANTANA 0781 GR3;28/04/1981;R FELIPE DE OLIVEIRA;429.0;448.0;NÃO;R VICENTE DA FONTOURA;IMPAR;CRESCENTE;CALCADA          ;;
2023-04-01 01:33:39.131;PONTO DE PARADA (ÔNIBUS)                     ;INSTALADO;C/P S1;15/05/1981;AV CAVALHADA;6445.0;6445.0;SIM;R CONSELHEIRO XAVIER DA COSTA;IMPAR;CRESCENTE;CALCADA          ;;
2023-04-01 01:33:39.131;PROIBIDO RETORNAR, A ESQUERDA;INSTALADO;;25/05/1981;AV GETULIO VARGAS;1740.0;0.0;SIM;R JOSE DE ALENCAR;IMPAR;CRESCENTE;CANTEIRO CENTRAL ;;
2023-04-01 01:33:39.134;PROIBIDO ESTACIONAR;INSTALADO;;14/10/1981;R ARROIO GRANDE;65.0;125.0;NÃO;AV OTTO NIEMEYER;IMPAR;CRESCENTE;CALCADA          ;;
2023-04-01 01:33:39.134;VIRE À ESQUERDA                              ;INSTALADO;JUNTO COM UMA R-1;20/10/1981;R SAO MANOEL;211.0;211.0;NÃO;TRAV HELENA SPEROTTO;IMPAR;CRESCENTE;CALCADA          ;;
2023-04-01 01:33:39.134;PASSAGEM OBRIGATÓRIA;INSTALADO;;21/10/1981;AV JOAO PESSOA;1293.0;1293.0;NÃO;R LOBO DA COSTA;IMPAR;CRESCENTE;CANTEIRO CENTRAL ;;
2023-04-01 01:33:39.134;SENTIDO DE CIRCULAÇÃO DA VIA (SO)            ;INSTALADO;R-24A - S3;22/10/1981;R DUQUE DE CAXIAS;1647.0;1647.0;NÃO;R JERONIMO COELHO;IMPAR;CRESCENTE;CALCADA          ;;
2023-04-01 01:33:39.134;PASSAGEM OBRIGATÓRIA;INSTALADO;;23/10/1981;AV BENTO GONCALVES;795.0;0.0;NÃO;R DR JULIO BOCACCIO;IMPAR;CRESCENTE;CANTEIRO CENTRAL ;;
2023-04-01 01:33:39.109;DIVISÃO DE PISTA INTERROMPIDA (BRANCA);INSTALADO;;14/12/1978;AV LOUREIRO DA SILVA;945.0;945.0;NÃO;AV AUGUSTO DE CARVALHO;IMPAR;CRESCENTE;LEITO DA VIA     ;;
2023-04-01 01:33:39.112;SENTIDO DE CIRCULAÇÃO DA VIA (SO)            ;INSTALADO;;30/03/1979;R CEL FERNANDO MACHADO;787.0;791.0;NÃO;R ESPIRITO SANTO;IMPAR;DECRESCENTE;CALCADA          ;;
2023-04-01 01:33:39.112;PARADA OBRIGATÓRIA;INSTALADO;;03/05/1979;R ALVARO CHAVES;381.0;381.0;NÃO;R SANTOS DUMONT;IMPAR;CRESCENTE;CALCADA          ;;
2023-04-01 01:33:39.112;PARADA OBRIGATÓRIA;INSTALADO;;04/05/1979;AV VIENA;297.0;297.0;NÃO;AV AMAZONAS;IMPAR;CRESCENTE;CALCADA          ;;
2023-04-01 01:33:39.113;SENTIDO DE CIRCULAÇÃO DA VIA (SO)            ;INSTALADO;;07/05/1979;R RAMIRO BARCELOS;919.0;0.0;NÃO;R GONCALO DE CARVALHO;IMPAR;DECRESCENTE;CALCADA          ;;
2023-04-01 01:33:39.113;SENTIDO DE CIRCULAÇÃO DA VIA (SO)            ;INSTALADO;;08/05/1979;R PROF JUVENAL MILER;165.0;0.0;NÃO;R DOMINGOS JOSE DE ALMEIDA;IMPAR;CRESCENTE;CALCADA          ;;
2023-04-01 01:33:39.113;PARADA OBRIGATÓRIA;INSTALADO;;09/05/1979;R TEN CEL FABRICIO PILAR;841.0;841.0;NÃO;R ARTUR ROCHA;IMPAR;CRESCENTE;CALCADA          ;;
2023-04-01 01:33:39.115;PARADA OBRIGATÓRIA;INSTALADO;R-1 - PARE  - S1;10/05/1979;R JULIO VERNE;113.0;113.0;NÃO;R SAO SALVADOR;IMPAR;CRESCENTE;CALCADA          ;;
2023-04-01 01:33:39.115;SENTIDO DE CIRCULAÇÃO DA VIA (SO)            ;INSTALADO;;11/05/1979;R LUIZ AFONSO;289.0;289.0;NÃO;R JOSE DO PATROCINIO;IMPAR;CRESCENTE;CALCADA          ;;
2023-04-01 01:33:39.115;SENTIDO DE CIRCULAÇÃO DA VIA (SO)            ;INSTALADO;;26/10/2015;R JOSE DO PATROCINIO;677.0;675.0;NÃO;R ALBERTO TORRES;IMPAR;CRESCENTE;CALCADA          ;;
2023-04-01 01:33:39.116;PARADA OBRIGATÓRIA;INSTALADO;;16/05/1979;R CEL CORTE REAL;183.0;183.0;NÃO;R DONA EUGENIA;IMPAR;CRESCENTE;CALCADA          ;;
2023-04-01 01:33:39.116;PARADA OBRIGATÓRIA;INSTALADO;;16/06/1979;R EVARISTO DA VEIGA;195.0;195.0;NÃO;R DR LOSSIO;IMPAR;CRESCENTE;CALCADA          ;;
2023-04-01 01:33:39.118;PARADA OBRIGATÓRIA;INSTALADO;R-1 - S1;21/05/1979;R DONA MALVINA;209.0;209.0;NÃO;R DORMENIO;IMPAR;CRESCENTE;CALCADA          ;;
2023-04-01 01:33:39.126;FAIXA DE RETENÇÃO                            ;INSTALADO;6X0.6METROS;26/07/1980;R SANTANA;77.0;77.0;NÃO;AV VENANCIO AIRES;IMPAR;CRESCENTE;LEITO DA VIA     ;;
2023-04-01 01:33:39.127;PROIBIDO ESTACIONAR;INSTALADO;;16/09/1980;AV BRASIL;1281.0;1329.0;NÃO;AV CEARA;IMPAR;CRESCENTE;CALCADA          ;;
2023-04-01 01:33:39.127;CRIANÇAS;INSTALADO;;10/11/1980;R STEPHAN ZWEIG;281.0;0.0;NÃO;R JOSE DOMINGOS VARELLA;IMPAR;CRESCENTE;CALCADA          ;;
2023-04-01 01:33:39.130;PARADA OBRIGATÓRIA;INSTALADO;;09/04/1981;AV GUAPORE;359.0;0.0;NÃO;AV LAGEADO;IMPAR;CRESCENTE;CALCADA          ;;
2023-04-01 01:33:39.132;PARADA OBRIGATÓRIA;INSTALADO;;17/06/1981;AV AMAZONAS;577.0;577.0;NÃO;AV MARANHAO;IMPAR;CRESCENTE;CALCADA          ;;
2023-04-01 01:33:39.132;PONTO DE PARADA (ÔNIBUS)                     ;INSTALADO;;23/06/1981;R RUDI SCHALY;35.0;35.0;NÃO;R MONZA;IMPAR;CRESCENTE;CALCADA          ;;
2023-04-01 01:33:39.132;RUA SEM SAÍDA;INSTALADO;;08/07/1981;R EDMUNDO BITENCOURT;67.0;67.0;NÃO;AV PRAIA DE BELAS;IMPAR;CRESCENTE;CALCADA          ;;
2023-04-01 01:33:39.133;PONTO DE PARADA (ÔNIBUS)                     ;INSTALADO;;24/07/1981;R JOAQUIM SILVEIRA;1015.0;1015.0;NÃO;AV SERTORIO;IMPAR;CRESCENTE;CALCADA          ;;
2023-04-01 01:33:39.133;PONTO DE PARADA (ÔNIBUS)                     ;INSTALADO;;20/08/1981;R FERNANDES VIEIRA;101.0;101.0;NÃO;R VASCO DA GAMA;IMPAR;CRESCENTE;CALCADA          ;;
2023-04-01 01:33:39.134;INDICATIVA 0,60 X 0,80                       ;INSTALADO;ESTAÇÃO ARAUJO VIANA   - DENTRO DO CORREDOR DE ÔNIBUS;27/09/1981;AV OSVALDO ARANHA;879.0;879.0;NÃO;AV JOSE BONIFACIO;IMPAR;CRESCENTE;CANTEIRO CENTRAL ;;
2023-04-01 01:33:39.134;ESTACIONAMENTO REGULAMENTADO;INSTALADO;;21/10/1981;AV AZENHA;317.0;355.0;NÃO;AV IPIRANGA;IMPAR;CRESCENTE;CALCADA          ;;
2023-04-01 01:33:39.134;VELOCIDADE MÁXIMA PERMITIDA - 30KM/H;INSTALADO;;26/10/1981;AV BENTO GONCALVES;3647.0;0.0;NÃO;AV ROCIO;IMPAR;CRESCENTE;CANTEIRO CENTRAL ;;
2023-04-01 01:33:39.134;PONTO DE PARADA (ÔNIBUS)                     ;INSTALADO;;30/07/2011;R DR JOAO DE DEUS VAZ DA SILVA;55.0;0.0;NÃO;R CARLOS PESSOA DE BRUM;IMPAR;CRESCENTE;CALCADA          ;;
2023-04-01 01:33:39.127;PONTO DE PARADA (ÔNIBUS)                     ;INSTALADO;;03/09/1981;AV ECON NILO WULFF;895.0;895.0;NÃO;AV MACEDONIA;IMPAR;CRESCENTE;CALCADA          ;;
2023-04-01 01:33:39.127;PONTO DE PARADA (ÔNIBUS)                     ;INSTALADO;RÁPIDA;10/09/1980;AV PROF OSCAR PEREIRA;6346.0;0.0;SIM;R SANTUARIO;IMPAR;CRESCENTE;CALCADA          ;;
2023-04-01 01:33:39.128;FAIXA DE RETENÇÃO                            ;INSTALADO;-  04MX0,40M;11/11/1980;AV BRASILIANO INDIO DE MORAES;203.0;203.0;NÃO;R TOROQUA;IMPAR;CRESCENTE;LEITO DA VIA     ;;
2023-04-01 01:33:39.128;PONTO DE PARADA (ÔNIBUS)                     ;INSTALADO;;18/11/1980;R CEL JOAO CORREA;355.0;0.0;NÃO;AV DR JOAO SIMPLICIO A DE CARVALHO;IMPAR;CRESCENTE;CALCADA          ;;
2023-04-01 01:33:39.130;PONTO DE PARADA (ÔNIBUS)                     ;INSTALADO;;26/02/1981;R DR CASTRO DE MENEZES;888.0;0.0;SIM;R GEN RONDON;IMPAR;CRESCENTE;CALCADA          ;;
2023-04-01 01:33:39.130;PONTO DE PARADA (ÔNIBUS)                     ;INSTALADO;;06/03/1981;AV DONARIO BRAGA;49.0;0.0;SIM;R ABELINO NICOLAU DE ALMEIDA;IMPAR;CRESCENTE;CALCADA          ;;
2023-04-01 01:33:39.131;VELOCIDADE MÁXIMA PERMITIDA - 30KM/H;INSTALADO;;27/04/1981;R COELHO DA COSTA;15.0;25.0;NÃO;R MANOEL DO CARMO;IMPAR;CRESCENTE;CALCADA          ;;
2023-04-01 01:33:39.131;PONTO DE PARADA (ÔNIBUS)                     ;INSTALADO;;15/05/1981;AV CAVALHADA;6245.0;6247.0;NÃO;R CONSELHEIRO XAVIER DA COSTA;IMPAR;CRESCENTE;CALCADA          ;;
2023-04-01 01:33:39.131;FAIXA DE RETENÇÃO                            ;INSTALADO;(10,00 M X 0,60 M);28/05/1981;R MOSTARDEIRO;939.0;0.0;NÃO;R QUINTINO BOCAIUVA;IMPAR;CRESCENTE;LEITO DA VIA     ;;
2023-04-01 01:33:39.132;PONTO DE PARADA (ÔNIBUS)                     ;INSTALADO;;22/07/1981;AV OTTO NIEMEYER;3639.0;3625.0;NÃO;R PANAMBI;IMPAR;CRESCENTE;CALCADA          ;;
2023-04-01 01:33:39.133;PROIBIDO PARAR E ESTACIONAR;INSTALADO;;25/09/1981;AV OSVALDO ARANHA;612.0;612.0;SIM;AV SETEMBRINA;IMPAR;CRESCENTE;CALCADA          ;;
2023-04-01 01:33:39.111;SENTIDO DE CIRCULAÇÃO DA VIA (SO)            ;INSTALADO;- C/PS1;30/03/1979;R GEN JOAO MANOEL;407.0;0.0;NÃO;R RIACHUELO;IMPAR;DECRESCENTE;CALCADA          ;;
2023-04-01 01:33:39.112;SENTIDO DE CIRCULAÇÃO DA VIA (SO)            ;INSTALADO;;04/05/1979;AV GUIDO MONDIN;1157.0;0.0;NÃO;AV BENJAMIN CONSTANT;IMPAR;CRESCENTE;CALCADA          ;;
2023-04-01 01:33:39.112;PONTO DE PARADA (ÔNIBUS)                     ;INSTALADO;;04/05/1979;R VOLUNTARIOS DA PATRIA;1733.0;1733.0;NÃO;R COMENDADOR AZEVEDO;IMPAR;CRESCENTE;CALCADA          ;;
2023-04-01 01:33:39.113;SENTIDO DE CIRCULAÇÃO DA VIA (SO)            ;INSTALADO;;07/05/1979;R MARIANTE;257.0;257.0;NÃO;R DONA LAURA;IMPAR;DECRESCENTE;CALCADA          ;;
2023-04-01 01:33:39.113;SENTIDO DE CIRCULAÇÃO DA VIA (SO)            ;INSTALADO;- C/P;07/05/1979;R CASTRO ALVES;465.0;0.0;NÃO;R MIGUEL TOSTES;IMPAR;CRESCENTE;CALCADA          ;;
2023-04-01 01:33:39.113;PROIBIDO ACIONAR BUZINA OU SINAL SONORO      ;INSTALADO;;08/05/1979;TRAV DES VIEIRA PIRES;76.0;88.0;SIM;R DR LAURO DE OLIVEIRA;IMPAR;CRESCENTE;CALCADA          ;;
2023-04-01 01:33:39.115;SENTIDO DE CIRCULAÇÃO DA VIA (SO)            ;INSTALADO;;11/05/1979;R LOPO GONCALVES;141.0;0.0;NÃO;R GEN LIMA E SILVA;IMPAR;DECRESCENTE;CALCADA          ;;
2023-04-01 01:33:39.115;PARADA OBRIGATÓRIA;INSTALADO;;26/10/2015;R ALBERTO TORRES;223.0;223.0;NÃO;R JOSE DO PATROCINIO;IMPAR;CRESCENTE;CALCADA          ;;
2023-04-01 01:33:39.115;PARADA OBRIGATÓRIA;INSTALADO;;11/05/1979;R BARONEZA DO GRAVATAI;680.0;0.0;SIM;R DEZESSETE DE JUNHO;IMPAR;CRESCENTE;CALCADA          ;;
2023-04-01 01:33:39.115;SENTIDO DE CIRCULAÇÃO DA VIA (SO)            ;INSTALADO;;14/05/1979;R GEN JACINTO OSORIO;24.0;24.0;SIM;R SANTANA;IMPAR;CRESCENTE;CALCADA          ;;
2023-04-01 01:33:39.115;SENTIDO DE CIRCULAÇÃO DA VIA (SO)            ;INSTALADO;;14/05/1979;PCA PIRATINI;145.0;145.0;NÃO;AV PIRATINI;IMPAR;CRESCENTE;CALCADA          ;;
2023-04-01 01:33:39.115;PARADA OBRIGATÓRIA;INSTALADO;;14/05/1979;R PLACIDO DE CASTRO;321.0;370.0;NÃO;R VICENTE DA FONTOURA;IMPAR;CRESCENTE;CALCADA          ;;
2023-04-01 01:33:39.116;PARADA OBRIGATÓRIA;INSTALADO;;15/05/1979;R DOMINGOS CRESCENCIO;437.0;0.0;NÃO;R GOMES JARDIM;IMPAR;CRESCENTE;CALCADA          ;;
2023-04-01 01:33:39.116;PARADA OBRIGATÓRIA;INSTALADO;;16/05/1979;R GONCALVES LEDO;195.0;0.0;NÃO;R DR LOSSIO;IMPAR;CRESCENTE;CALCADA          ;;
2023-04-01 01:33:39.116;PONTO DE PARADA (ÔNIBUS)                     ;INSTALADO;;16/05/1979;R DR LOSSIO;257.0;257.0;NÃO;R GONCALVES LEDO;IMPAR;CRESCENTE;CALCADA          ;;
2023-04-01 01:33:39.117;PONTO DE PARADA (ÔNIBUS)                     ;INSTALADO;;17/05/1979;R PAULINO AZURENHA;1525.0;1525.0;NÃO;R PEDRO BOTICARIO;IMPAR;CRESCENTE;CALCADA          ;;
2023-04-01 01:33:39.124;PARADA OBRIGATÓRIA;INSTALADO;;06/02/1980;R BERNARDINO CAETANO FRAGA;326.0;326.0;SIM;R JULIO LOPES DOS SANTOS SOBRINHO;IMPAR;CRESCENTE;CALCADA          ;;
2023-04-01 01:33:39.126;PARADA OBRIGATÓRIA;INSTALADO;;07/04/1980;R JACINTO GOMES;289.0;0.0;NÃO;AV JERONIMO DE ORNELAS;IMPAR;CRESCENTE;CALCADA          ;;
2023-04-01 01:33:39.126;SENTIDO DE CIRCULAÇÃO DA VIA (SO)            ;INSTALADO;;08/05/1980;R CAIRU;347.0;347.0;NÃO;R SANTOS DUMONT;IMPAR;DECRESCENTE;CALCADA          ;;
2023-04-01 01:33:39.126;PARADA OBRIGATÓRIA;INSTALADO;;14/05/1980;R GRACILIANO RAMOS;190.0;190.0;SIM;R PROF PEDRO SANTA HELENA;IMPAR;CRESCENTE;CALCADA          ;;
2023-04-01 01:33:39.126;PARADA OBRIGATÓRIA;INSTALADO;;28/05/1980;R LEOPOLDO FROES;142.0;0.0;SIM;R SETE DE ABRIL;IMPAR;CRESCENTE;CALCADA          ;;
2023-04-01 01:33:39.126;CRIANÇAS;INSTALADO;;03/06/1980;R LUIZ CARNIGLIA;55.0;0.0;NÃO;R ALVARO VIEIRA GUIMARAES;IMPAR;CRESCENTE;CALCADA          ;;
2023-04-01 01:33:39.127;PROIBIDO ESTACIONAR;INSTALADO;;06/08/1980;AV GETULIO VARGAS;881.0;899.0;NÃO;R VISCONDE DO HERVAL;IMPAR;CRESCENTE;CALCADA          ;;
2023-04-01 01:33:39.127;PROIBIDO ESTACIONAR;INSTALADO;;16/09/1980;AV BRASIL;1329.0;0.0;NÃO;AV CEARA;IMPAR;CRESCENTE;CALCADA          ;;
2023-04-01 01:33:39.127;PASSAGEM OBRIGATÓRIA;INSTALADO;;22/09/1980;AV FARRAPOS;2287.0;0.0;NÃO;AV BERLIM;IMPAR;CRESCENTE;CANTEIRO CENTRAL ;;
2023-04-01 01:33:39.127;SENTIDO DE CIRCULAÇÃO DA VIA (SO)            ;INSTALADO;;03/10/1980;R PISTOIA;241.0;0.0;NÃO;AV BRASILIANO INDIO DE MORAES;IMPAR;CRESCENTE;CALCADA          ;;
2023-04-01 01:33:39.127;FAIXA DE RETENÇÃO                            ;INSTALADO;- 06M X 0,60 M;11/10/1980;R OSCAR SCHNEIDER;13.0;13.0;NÃO;AV DR CARLOS BARBOSA;IMPAR;CRESCENTE;LEITO DA VIA     ;;
2023-04-01 01:33:39.127;VELOCIDADE MÁXIMA PERMITIDA - 30KM/H;INSTALADO;;13/10/1980;AV DELEGADO ELY CORREA PRADO;815.0;815.0;NÃO;R ROBERTO BRINCO;IMPAR;DECRESCENTE;CALCADA          ;;
2023-04-01 01:33:39.130;CRIANÇAS;INSTALADO;;01/04/1981;R FELIPE BECKER;409.0;0.0;NÃO;R JOAO PAETZEL;IMPAR;CRESCENTE;CALCADA          ;;
2023-04-01 01:33:39.131;FAIXA DE TRAVESSIA DE PEDESTRES (ZEBRADA);INSTALADO;FTP-1 09 TARJAS - (ENTRE A CALÇADA E O CANTEIRO);04/05/1981;R JOSE DE ALENCAR;1405.0;1405.0;NÃO;R EURICO LARA;IMPAR;CRESCENTE;LEITO DA VIA     ;;
2023-04-01 01:33:39.131;PROIBIDO ESTACIONAR - CARGA E DESCARGA PERMITIDA;INSTALADO;PE CARGA E DESCARGA PERMITIDA;02/06/1981;R OCTAVIO CORREA;15.0;35.0;NÃO;R GEN LIMA E SILVA;IMPAR;CRESCENTE;CALCADA          ;;
2023-04-01 01:33:39.132;PARADA OBRIGATÓRIA;INSTALADO;;09/06/1981;R OSCAR FERREIRA;235.0;0.0;NÃO;AV FRANCISCO TALAIA DE MOURA;IMPAR;CRESCENTE;CALCADA          ;;
2023-04-01 01:33:39.132;PROIBIDO ESTACIONAR - CARGA E DESCARGA PERMITIDA;INSTALADO;;10/06/1981;AV GUIDO MONDIN;973.0;1005.0;NÃO;AV CEARA;IMPAR;CRESCENTE;CALCADA          ;;
2023-04-01 01:33:39.132;SENTIDO DE CIRCULAÇÃO DA VIA (SO)            ;INSTALADO;;06/07/1981;LG JOAO AMORIM DE ALBUQUERQUE;30.0;30.0;SIM;R RIACHUELO;IMPAR;DECRESCENTE;CALCADA          ;;
2023-04-01 01:33:39.132;FAIXA DE RETENÇÃO                            ;INSTALADO;9,0 METROS 60CENTIMETROS DE ESPESSURAS;11/07/1981;R DR VALE;651.0;0.0;NÃO;R VINTE QUATRO DE OUTUBRO;IMPAR;CRESCENTE;LEITO DA VIA     ;;
2023-04-01 01:33:39.133;PROIBIDO RETORNAR, A ESQUERDA;INSTALADO;;25/08/1981;AV LOUREIRO DA SILVA;625.0;625.0;NÃO;AV AUGUSTO DE CARVALHO;IMPAR;CRESCENTE;CANTEIRO CENTRAL ;;
2023-04-01 01:33:39.134;SENTIDO DE CIRCULAÇÃO DA VIA (SO)            ;INSTALADO;;23/10/1981;AV BENTO GONCALVES;2255.0;0.0;NÃO;R BARAO DO AMAZONAS;IMPAR;CRESCENTE;CALCADA          ;;
2023-04-01 01:33:39.134;PASSAGEM OBRIGATÓRIA;INSTALADO;;26/10/1981;AV BENTO GONCALVES;2103.0;0.0;NÃO;R TOBIAS BARRETO;IMPAR;CRESCENTE;CANTEIRO CENTRAL ;;
2023-04-01 01:33:39.134;PASSAGEM OBRIGATÓRIA;INSTALADO;;26/10/1981;AV BENTO GONCALVES;3723.0;0.0;NÃO;R EVANGELINA PORTO;IMPAR;CRESCENTE;CANTEIRO CENTRAL ;;
2023-04-01 01:33:39.116;SENTIDO DE CIRCULAÇÃO DA VIA (SO)            ;INSTALADO;;14/05/1979;R GEN CALDWELL;1273.0;1273.0;NÃO;R VINTE DE SETEMBRO;IMPAR;DECRESCENTE;CALCADA          ;;
2023-04-01 01:33:39.116;PONTO DE PARADA (ÔNIBUS)                     ;INSTALADO;I-23 - S3;15/05/1979;AV BENTO GONCALVES;867.0;867.0;NÃO;R DR JULIO BOCACCIO;IMPAR;CRESCENTE;CALCADA          ;;
2023-04-01 01:33:39.118;SENTIDO DE CIRCULAÇÃO DA VIA (SO)            ;INSTALADO;R-24A - SENTIDO DE CIRCULAÇÃO - S1;24/05/1979;AV TAPIACU;386.0;386.0;SIM;AV BRASILIANO INDIO DE MORAES;IMPAR;CRESCENTE;CALCADA          ;;
2023-04-01 01:33:39.120;SENTIDO DE CIRCULAÇÃO DA VIA (SO)            ;INSTALADO;;31/05/1979;R VIGIA;9.0;9.0;NÃO;R PERO VAZ DE CAMINHA;IMPAR;DECRESCENTE;CALCADA          ;;
2023-04-01 01:33:39.120;PONTO DE PARADA (ÔNIBUS)                     ;INSTALADO;;08/06/1979;R VINTE SEIS DE DEZEMBRO;539.0;539.0;NÃO;R PRIMEIRO DE SETEMBRO;IMPAR;CRESCENTE;CALCADA          ;;
2023-04-01 01:33:39.120;PARADA OBRIGATÓRIA;INSTALADO;;11/06/1979;R CEL JOSE RODRIGUES SOBRAL;987.0;0.0;NÃO;AV LUIZ MOSCHETTI;IMPAR;CRESCENTE;CALCADA          ;;
2023-04-01 01:33:39.120;PONTO DE PARADA (ÔNIBUS)                     ;INSTALADO;;11/06/1979;AV PROF OSCAR PEREIRA;3585.0;0.0;NÃO;AV ENG LUDOLFO BOEHL;IMPAR;CRESCENTE;CALCADA          ;;
2023-04-01 01:33:39.122;PARADA OBRIGATÓRIA;INSTALADO;N/P MADEIRA;19/06/1979;R GAVEA;281.0;281.0;NÃO;AV TRAMANDAI;IMPAR;CRESCENTE;CALCADA          ;;
2023-04-01 01:33:39.122;PONTO DE PARADA (ÔNIBUS)                     ;INSTALADO;;09/07/1979;AV SERRARIA;229.0;229.0;NÃO;R HILDO RANGEL;IMPAR;CRESCENTE;CALCADA          ;;
2023-04-01 01:33:39.122;CRIANÇAS;INSTALADO;;09/07/1979;R JOAO BERUTTI;475.0;0.0;NÃO;TRAV AURORA;IMPAR;CRESCENTE;CALCADA          ;;
2023-04-01 01:33:39.122;PONTO DE PARADA (ÔNIBUS)                     ;INSTALADO;;10/07/1979;R JOAQUIM SILVEIRA;479.0;479.0;NÃO;R EDUARDO MASTALIR;IMPAR;CRESCENTE;CALCADA          ;;
2023-04-01 01:33:39.122;PONTO DE PARADA (ÔNIBUS)                     ;INSTALADO;;11/09/1979;R MADRE ANA;25.0;25.0;NÃO;AV PROF OSCAR PEREIRA;IMPAR;CRESCENTE;CALCADA          ;;
2023-04-01 01:33:39.122;PONTO DE PARADA (ÔNIBUS)                     ;INSTALADO;;02/10/1979;AV CAPIVARI;1223.0;0.0;NÃO;R JAGUARI;IMPAR;CRESCENTE;CALCADA          ;;
2023-04-01 01:33:39.122;PONTO DE PARADA (ÔNIBUS)                     ;INSTALADO;;23/10/1979;AV VENANCIO AIRES;733.0;733.0;NÃO;R VIEIRA DE CASTRO;IMPAR;CRESCENTE;CALCADA          ;;
2023-04-01 01:33:39.124;SENTIDO DE CIRCULAÇÃO DA VIA (SO)            ;INSTALADO;ESTA A 15M DEPOIS DO NR 2733, ENTRE O NR E O POSTO DMAE;26/11/1979;AV IPIRANGA;2733.0;2733.0;NÃO;R SAO MANOEL;IMPAR;CRESCENTE;CANTEIRO CENTRAL ;;
2023-04-01 01:33:39.125;DIVISÃO DE PISTA CONTÍNUA (BRANCA);INSTALADO;LADO ESQUERDO DA VIA - 10MX0,10;08/03/1980;R VOLUNTARIOS DA PATRIA;4089.0;4089.0;NÃO;AV SERTORIO;IMPAR;CRESCENTE;LEITO DA VIA     ;;
2023-04-01 01:33:39.127;VELOCIDADE MÁXIMA PERMITIDA - 40KM/H;INSTALADO;;07/08/1980;AV LAMI;4645.0;0.0;NÃO;AV BOA VISTA;IMPAR;CRESCENTE;CALCADA          ;;
2023-04-01 01:33:39.127;PROIBIDO ESTACIONAR - CARGA E DESCARGA PERMITIDA;INSTALADO;PE CDP;22/09/1980;R VISCONDE DO RIO BRANCO;183.0;189.0;NÃO;TRAV AZEVEDO;IMPAR;CRESCENTE;CALCADA          ;;
2023-04-01 01:33:39.127;DIVISÃO DE PISTA CONTÍNUA (BRANCA);INSTALADO;- 8MX060M;07/10/1980;AV ANTONIO CARVALHO;1515.0;1515.0;NÃO;R FRANCISCO VALDOMIRO LORENZ;IMPAR;CRESCENTE;LEITO DA VIA     ;;
2023-04-01 01:33:39.127;PONTO DE PARADA (ÔNIBUS)                     ;INSTALADO;I-23 - S1;07/10/1980;R ANITA GARIBALDI;2541.0;2541.0;NÃO;R AZEVEDO SODRE;IMPAR;CRESCENTE;CALCADA          ;;
2023-04-01 01:33:39.128;FAIXA DE TRAVESSIA DE PEDESTRES (ZEBRADA);INSTALADO;- 07TJ - 04MX0,40M;11/11/1980;AV BRASILIANO INDIO DE MORAES;267.0;267.0;NÃO;AV INDUSTRIARIOS;IMPAR;CRESCENTE;LEITO DA VIA     ;;
2023-04-01 01:33:39.130;FAIXA DE RETENÇÃO                            ;INSTALADO;- 11MX0,60M;28/11/1980;AV ASSIS BRASIL;641.0;641.0;NÃO;R MARECHAL JOSE INACIO DA SILVA;IMPAR;CRESCENTE;LEITO DA VIA     ;;
2023-04-01 01:33:39.130;PLACA TURISTICA GENERICA;INSTALADO;;09/12/1980;AV GUAIBA;2880.0;2856.0;NÃO;AV GUARUJA;IMPAR;CRESCENTE;CALCADA          ;;
2023-04-01 01:33:39.131;SETA VIRE À DIREITA (PINTURA);INSTALADO;PISTA DIREITA;04/05/1981;R DONA MARGARIDA;523.0;523.0;NÃO;AV FARRAPOS;IMPAR;DECRESCENTE;LEITO DA VIA     ;;
2023-04-01 01:33:39.132;PARADA OBRIGATÓRIA;INSTALADO;;13/07/1981;R FELIPE DE OLIVEIRA;1700.0;1700.0;SIM;R BARAO DO AMAZONAS;IMPAR;CRESCENTE;CALCADA          ;;
2023-04-01 01:33:39.133;PARADA OBRIGATÓRIA;INSTALADO;;28/07/1981;AV GUIDO MONDIN;549.0;549.0;NÃO;AV BAHIA;IMPAR;CRESCENTE;CALCADA          ;;
2023-04-01 01:33:39.133;PARADA OBRIGATÓRIA;INSTALADO;;11/08/1981;AV PARA;221.0;0.0;NÃO;AV FRANCA;IMPAR;CRESCENTE;CALCADA          ;;
2023-04-01 01:33:39.127;PROIBIDO ESTACIONAR;INSTALADO;;11/08/1980;AV DR JOAO SIMPLICIO A DE CARVALHO;407.0;0.0;NÃO;R MARCOS MOREIRA;IMPAR;CRESCENTE;CALCADA          ;;
2023-04-01 01:33:39.127;PARADA OBRIGATÓRIA;INSTALADO;JUNTO COM UMA R-24A;18/09/1980;R ALMIRANTE TAMANDARE;247.0;247.0;NÃO;R CONSELHEIRO TRAVASSOS;IMPAR;CRESCENTE;CALCADA          ;;
2023-04-01 01:33:39.127;PONTO DE PARADA (ÔNIBUS)                     ;INSTALADO;;30/09/1980;R PROF ABILIO AZAMBUJA;365.0;365.0;NÃO;R GRACILIANO RAMOS;IMPAR;CRESCENTE;CALCADA          ;;
2023-04-01 01:33:39.127;FAIXA DE RETENÇÃO                            ;INSTALADO;;19/10/1980;AV CRISTOVAO COLOMBO;1095.0;0.0;NÃO;R HOFFMANN;IMPAR;CRESCENTE;LEITO DA VIA     ;;
2023-04-01 01:33:39.127;CRIANÇAS;INSTALADO;;10/11/1980;R GORKI;149.0;0.0;NÃO;R JOSE DOMINGOS VARELLA;IMPAR;CRESCENTE;CALCADA          ;;
2023-04-01 01:33:39.130;PONTO DE PARADA (ÔNIBUS)                     ;INSTALADO;I-23 - S3;12/12/1980;AV BENTO GONCALVES;1019.0;1019.0;NÃO;R TEIXEIRA DE FREITAS;IMPAR;CRESCENTE;CALCADA          ;;
2023-04-01 01:33:39.130;SENTIDO DE CIRCULAÇÃO DA VIA (SO)            ;INSTALADO;R-24A - SO S2;14/04/1981;R AZEVEDO SODRE;25.0;25.0;NÃO;R ANDARAI;IMPAR;DECRESCENTE;CALCADA          ;;
2023-04-01 01:33:39.131;FAIXA DE RETENÇÃO                            ;INSTALADO;CRUZ A ESQUERDA;20/03/1999;R JOSE DE ALENCAR;1405.0;1405.0;NÃO;AV CEL GASTAO HASLOCHER MAZERON;IMPAR;CRESCENTE;LEITO DA VIA     ;;
2023-04-01 01:33:39.131;PROIBIDO VIRAR À ESQUERDA;INSTALADO;;11/05/1981;AV BENJAMIN CONSTANT;1509.0;0.0;NÃO;AV BERLIM;IMPAR;CRESCENTE;CANTEIRO CENTRAL ;;
2023-04-01 01:33:39.131;SENTIDO DE CIRCULAÇÃO DA VIA (SO)            ;INSTALADO;;31/05/1981;R QUINTINO BOCAIUVA;1669.0;0.0;NÃO;R CASEMIRO DE ABREU;IMPAR;CRESCENTE;CALCADA          ;;
2023-04-01 01:33:39.132;PARADA OBRIGATÓRIA;INSTALADO;;09/06/1981;R LUIZ CEZAR LEAL;255.0;0.0;NÃO;AV FRANCISCO TALAIA DE MOURA;IMPAR;CRESCENTE;CALCADA          ;;
2023-04-01 01:33:39.132;PROIBIDO RETORNAR, A ESQUERDA;INSTALADO;;15/06/1981;AV ASSIS BRASIL;7150.0;0.0;SIM;R SENHOR DO BOM FIM;IMPAR;CRESCENTE;CANTEIRO CENTRAL ;;
2023-04-01 01:33:39.132;PONTO DE PARADA (ÔNIBUS)                     ;INSTALADO;;06/07/1981;R CEL MASSOT;341.0;0.0;NÃO;R ROBERTO FELIX BERTOI;IMPAR;CRESCENTE;CALCADA          ;;
2023-04-01 01:33:39.133;PROIBIDO ESTACIONAR;INSTALADO;- ESTA A 246M DEPOIS DA ESC. TÉCN. PAROBÉ E 30M DEPOIS DO FL. 02 DA RUA ANTONIO KLINGER FILHO;25/08/1981;AV LOUREIRO DA SILVA;1191.0;1271.0;NÃO;VDT ACORIANOS-ACESSO LESTE 2;IMPAR;CRESCENTE;CANTEIRO CENTRAL ;;
2023-04-01 01:33:39.133;CRIANÇAS;INSTALADO;;24/09/1981;R TEREZINHA TURCATO;557.0;0.0;NÃO;R TRINTA SEIS LOT PRES COSTA SILVA;IMPAR;CRESCENTE;CALCADA          ;;
2023-04-01 01:33:39.118;PONTO DE PARADA (ÔNIBUS)                     ;INSTALADO;;23/05/1979;R DELFINA DA CUNHA;165.0;0.0;NÃO;R LANDEL DE MOURA;IMPAR;CRESCENTE;CALCADA          ;;
2023-04-01 01:33:39.118;PARADA OBRIGATÓRIA;INSTALADO;;24/05/1979;R NOSSA SENHORA DE LOURDES;381.0;381.0;NÃO;R LANDEL DE MOURA;IMPAR;CRESCENTE;CALCADA          ;;
2023-04-01 01:33:39.118;SENTIDO DE CIRCULAÇÃO DA VIA (SO)            ;INSTALADO;;24/05/1979;AV ASSIS BRASIL;1677.0;1677.0;NÃO;R TUPI;IMPAR;DECRESCENTE;CALCADA          ;;
2023-04-01 01:33:39.120;PARADA OBRIGATÓRIA;INSTALADO;;31/05/1979;AV ELIAS CIRNE LIMA;599.0;599.0;NÃO;AV IPIRANGA;IMPAR;CRESCENTE;CALCADA          ;;
2023-04-01 01:33:39.120;PONTO DE PARADA (ÔNIBUS)                     ;INSTALADO;;31/05/1979;R PAUL HARRIS;955.0;955.0;NÃO;R GASPAR DE LEMOS;IMPAR;CRESCENTE;CALCADA          ;;
2023-04-01 01:33:39.120;PONTO DE PARADA (ÔNIBUS)                     ;INSTALADO;;07/06/1979;AV GOMES DE CARVALHO;55.0;55.0;NÃO;R DR GREGORIO BEHEREGARAY FILHO;IMPAR;CRESCENTE;CALCADA          ;;
2023-04-01 01:33:39.120;PONTO DE PARADA (ÔNIBUS)                     ;INSTALADO;;11/06/1979;R INTENDENTE ALFREDO AZEVEDO;213.0;213.0;NÃO;R MANDUCA NUNES;IMPAR;CRESCENTE;CALCADA          ;;
2023-04-01 01:33:39.120;PONTO DE PARADA (ÔNIBUS)                     ;INSTALADO;- C/PS1;11/06/1979;R INTENDENTE ALFREDO AZEVEDO;455.0;455.0;NÃO;R MANDUCA NUNES;IMPAR;CRESCENTE;CALCADA          ;;
2023-04-01 01:33:39.122;PONTO DE PARADA (ÔNIBUS)                     ;INSTALADO;;19/06/1979;AV IPIRANGA;1493.0;1493.0;NÃO;AV AZENHA;IMPAR;CRESCENTE;CALCADA          ;;
2023-04-01 01:33:39.122;SENTIDO DE CIRCULAÇÃO DA VIA (SO)            ;INSTALADO;PARA A PISTA CENTRAL;21/06/1979;AV ASSIS BRASIL;8487.0;8487.0;NÃO;AV BERNARDINO SILVEIRA DE AMORIM;IMPAR;CRESCENTE;CANTEIRO CENTRAL ;;
2023-04-01 01:33:39.122;SENTIDO DE CIRCULAÇÃO DA VIA (SO)            ;INSTALADO;;22/06/1979;AV NELSON PULGATTI MOREIRA;85.0;85.0;NÃO;R PROF JORGE BAHLIS;IMPAR;DECRESCENTE;CALCADA          ;;
2023-04-01 01:33:39.122;PARADA OBRIGATÓRIA;INSTALADO;;09/07/1979;R COMENDADOR CREIDY;391.0;0.0;NÃO;AV TEIXEIRA MENDES;IMPAR;CRESCENTE;CALCADA          ;;
2023-04-01 01:33:39.122;PONTO DE PARADA (ÔNIBUS)                     ;INSTALADO;I-23 - S1;09/07/1979;AV ASSIS BRASIL;5375.0;5375.0;NÃO;R ENG FERNANDO DE ABREU PEREIRA;IMPAR;CRESCENTE;CALCADA          ;;
2023-04-01 01:33:39.122;PARADA OBRIGATÓRIA;INSTALADO;;09/08/1979;R PROF CECY CORDEIRO THOFEHRN;413.0;413.0;NÃO;AV ENG FRANCISCO RODOLFO SIMCH;IMPAR;CRESCENTE;CALCADA          ;;
2023-04-01 01:33:39.122;PARADA OBRIGATÓRIA;INSTALADO;;17/10/1979;AV SAO PEDRO;1680.0;1680.0;SIM;R FILADELFIA;IMPAR;CRESCENTE;CALCADA          ;;
2023-04-01 01:33:39.124;PARADA OBRIGATÓRIA A FRENTE - LEGENDA PREFERENCIAL ADIANTE - DENTRO DE UMA 2X1;INSTALADO;AA-15-1 - PARADA OBRIGATÓRIA A FRENTE -  PREFERENCIAL ADIANTE - 2X1 - S7;13/11/1979;R CHAVANTES;223.0;223.0;NÃO;R CAETE;IMPAR;CRESCENTE;CALCADA          ;;
2023-04-01 01:33:39.134;SENTIDO DE CIRCULAÇÃO DA VIA (SO)            ;INSTALADO;N/P SEMAFORO;23/10/1981;AV IPIRANGA;1801.0;1801.0;NÃO;AV JOAO PESSOA;IMPAR;CRESCENTE;CANTEIRO CENTRAL ;;
2023-04-01 01:33:39.134;PROIBIDO ESTACIONAR;INSTALADO;;30/11/1981;R DOM PEDRITO;297.0;347.0;NÃO;R JOSE CARLOS FERREIRA;IMPAR;CRESCENTE;CALCADA          ;;
2023-04-01 01:33:39.134;ESTACIONAMENTO REGULAMENTADO;INSTALADO;;15/12/1981;R DUQUE DE CAXIAS;1735.0;0.0;NÃO;AV JOAO PESSOA;IMPAR;CRESCENTE;CALCADA          ;;
2023-04-01 01:33:39.138;SENTIDO DE CIRCULAÇÃO DA VIA (SO)            ;INSTALADO;;20/09/1982;R PROF DUPLAN;14.0;0.0;NÃO;AV PROTASIO ALVES;IMPAR;DECRESCENTE;CALCADA          ;;
2023-04-01 01:33:39.138;PARADA OBRIGATÓRIA;INSTALADO;;24/08/1982;R DR LOSSIO;320.0;320.0;SIM;R MACHADO DE ASSIS;IMPAR;CRESCENTE;CALCADA          ;;
2023-04-01 01:33:39.138;FAIXA DE RETENÇÃO                            ;INSTALADO;;28/09/1982;AV LOUREIRO DA SILVA;1772.0;1788.0;SIM;R GEN LIMA E SILVA;IMPAR;CRESCENTE;LEITO DA VIA     ;;
2023-04-01 01:33:39.138;PARADA OBRIGATÓRIA;INSTALADO;;03/11/1982;R PRIMEIRO DE MARCO;151.0;0.0;NÃO;R VIDAL DE NEGREIROS;IMPAR;CRESCENTE;CALCADA          ;;
2023-04-01 01:33:39.138;INDICATIVAS 2 X 1                            ;INSTALADO;"ATENCAO ESCOLA A 50 M""";23/12/1982;ESTR COSTA GAMA;1111.0;1111.0;NÃO;PCA BELA VISTA;IMPAR;CRESCENTE;CALCADA          ;;
2023-04-01 01:33:39.138;CRIANÇAS;INSTALADO;;30/12/1982;R VERA CRUZ;490.0;0.0;NÃO;R PROF BERTRAND RUSSEL;IMPAR;CRESCENTE;CALCADA          ;;
2023-04-01 01:33:39.140;PONTO DE PARADA (ÔNIBUS)                     ;INSTALADO;;24/02/1983;AV GAUCHOS;1247.0;1255.0;NÃO;R FABIO CARNEIRO LIMA;IMPAR;CRESCENTE;CALCADA          ;;
2023-04-01 01:33:39.140;PARADA OBRIGATÓRIA;INSTALADO;;11/03/1983;R DR JOAO INACIO;1374.0;1374.0;SIM;AV CEARA;IMPAR;CRESCENTE;CALCADA          ;;
2023-04-01 01:33:39.140;PONTO DE PARADA (ÔNIBUS)                     ;INSTALADO;;06/05/1983;AV CAVALHADA;3183.0;0.0;SIM;R DR PEREIRA NETO;IMPAR;CRESCENTE;CALCADA          ;;
2023-04-01 01:33:39.140;PROIBIDO ESTACIONAR;INSTALADO;N/#REF!;09/05/1983;AV OTTO NIEMEYER;2727.0;2751.0;NÃO;AV CAVALHADA;IMPAR;CRESCENTE;CALCADA          ;;
2023-04-01 01:33:39.140;PROIBIDO VIRAR À ESQUERDA;INSTALADO;;24/05/1983;AV SAO PEDRO;549.0;0.0;NÃO;AV PRESIDENTE FRANKLIN ROOSEVELT;IMPAR;CRESCENTE;CANTEIRO CENTRAL ;;
2023-04-01 01:33:39.140;CRIANÇAS;INSTALADO;;31/05/1983;R MONTE BONITO;79.0;0.0;NÃO;R MONTE ALEGRE;IMPAR;CRESCENTE;CALCADA          ;;
2023-04-01 01:33:39.140;PLACAS EDUCATIVAS (E-1,E-2,...,E-12);INSTALADO;PEDESTRE APERTE O BOTÃO E AGUARDE.;03/06/1983;AV BORGES DE MEDEIROS;2700.0;2700.0;NÃO;R PERI MACHADO;IMPAR;CRESCENTE;CALCADA          ;;
2023-04-01 01:33:39.140;PONTO DE PARADA (ÔNIBUS)                     ;INSTALADO;;12/07/1983;R SAO LUIZ;451.0;451.0;NÃO;R DOMINGOS CRESCENCIO;IMPAR;CRESCENTE;CALCADA          ;;
2023-04-01 01:33:39.140;PARADA OBRIGATÓRIA;INSTALADO;- C/PS1;29/07/1983;R IRMAO FRANCISCO;105.0;0.0;NÃO;AV A J RENNER;IMPAR;CRESCENTE;CALCADA          ;;
2023-04-01 01:33:39.141;VELOCIDADE MÁXIMA PERMITIDA - 30KM/H;INSTALADO;;30/07/1983;R ZERO HORA;121.0;121.0;NÃO;R DOM JOAO BECKER;IMPAR;CRESCENTE;CALCADA          ;;
2023-04-01 01:33:39.120;PARADA OBRIGATÓRIA;INSTALADO;N/#REF!;01/06/1979;AV DR WALTER SO JOBIM;701.0;701.0;NÃO;AV SERTORIO;IMPAR;CRESCENTE;CALCADA          ;;
2023-04-01 01:33:39.120;PROIBIDO ESTACIONAR;INSTALADO;;12/06/1979;R SANTOS PEDROSO;46.0;0.0;NÃO;AV SERTORIO;IMPAR;CRESCENTE;CALCADA          ;;
2023-04-01 01:33:39.120;SENTIDO DE CIRCULAÇÃO DA VIA (SO)            ;INSTALADO;N/P SEMÁFORO;12/06/1979;R EDU CHAVES;453.0;0.0;NÃO;R DONA MARGARIDA;IMPAR;DECRESCENTE;CALCADA          ;;
2023-04-01 01:33:39.122;PONTO DE PARADA (ÔNIBUS)                     ;INSTALADO;;19/06/1979;R CONSELHEIRO XAVIER DA COSTA;3279.0;0.0;NÃO;AV CAVALHADA;IMPAR;CRESCENTE;CALCADA          ;;
2023-04-01 01:33:39.122;PONTO DE PARADA (ÔNIBUS)                     ;INSTALADO;;06/07/1979;R DR VERGARA;5355.0;5355.0;NÃO;R JOAO DO COUTO;IMPAR;CRESCENTE;CALCADA          ;;
2023-04-01 01:33:39.122;SENTIDO DE CIRCULAÇÃO DA VIA (SO)            ;INSTALADO;;10/07/1979;AV IPIRANGA;2773.0;0.0;NÃO;AV PRINCESA ISABEL;IMPAR;CRESCENTE;CANTEIRO CENTRAL ;;
2023-04-01 01:33:39.122;PONTO DE PARADA (ÔNIBUS)                     ;INSTALADO;;25/07/1979;R DOM DIOGO DE SOUZA;36.0;36.0;SIM;R JAHYR BOEIRA DE ALMEIDA;IMPAR;CRESCENTE;CALCADA          ;;
2023-04-01 01:33:39.122;FAIXA DE TRAVESSIA DE PEDESTRES (ZEBRADA);INSTALADO;;01/07/2011;R MUCIO TEIXEIRA;241.0;0.0;NÃO;R CEL ANDRE BELO;IMPAR;NULO;LEITO DA VIA     ;;
2023-04-01 01:33:39.122;SENTIDO DE CIRCULAÇÃO DA VIA (SO)            ;INSTALADO;;22/09/1979;AV IPIRANGA;7931.0;7989.0;NÃO;R NELSON ZANG;IMPAR;CRESCENTE;CANTEIRO CENTRAL ;;
2023-04-01 01:33:39.122;PONTO DE PARADA (ÔNIBUS)                     ;INSTALADO;;17/10/1979;AV CINCO DE NOVEMBRO;420.0;0.0;SIM;AV GEN GOMES CARNEIRO;IMPAR;CRESCENTE;CALCADA          ;;
2023-04-01 01:33:39.122;PARADA OBRIGATÓRIA;INSTALADO;;24/10/1979;R CHAVANTES;282.0;0.0;SIM;R CAETE;IMPAR;CRESCENTE;CALCADA          ;;
2023-04-01 01:33:39.124;PRONTO SOCORRO                               ;INSTALADO;N/P CEEE;21/11/1979;AV IPIRANGA;1801.0;0.0;NÃO;AV JOAO PESSOA;IMPAR;CRESCENTE;CALCADA          ;;
2023-04-01 01:33:39.124;SENTIDO DE CIRCULAÇÃO DA VIA (SO)            ;INSTALADO;;27/11/1979;AV AZENHA;355.0;0.0;NÃO;AV IPIRANGA;IMPAR;CRESCENTE;CALCADA          ;;
2023-04-01 01:33:39.124;PROIBIDO ESTACIONAR;INSTALADO;;10/12/1979;R DUQUE DE CAXIAS;1719.0;0.0;NÃO;AV JOAO PESSOA;IMPAR;CRESCENTE;CALCADA          ;;
2023-04-01 01:33:39.124;PONTO DE PARADA (ÔNIBUS)                     ;INSTALADO;N/PCEEE;28/01/1980;R GUADALAJARA;245.0;265.0;NÃO;AV ALBERTO PASQUALINI;IMPAR;CRESCENTE;CALCADA          ;;
2023-04-01 01:33:39.126;FAIXA DE RETENÇÃO                            ;INSTALADO;;24/05/1980;R VOLUNTARIOS DA PATRIA;1503.0;1503.0;NÃO;R RAMIRO BARCELOS;IMPAR;CRESCENTE;LEITO DA VIA     ;;
2023-04-01 01:33:39.126;SENTIDO DE CIRCULAÇÃO DA VIA (SO)            ;INSTALADO;R-24A - ;04/06/1980;AV MATHILDE TREIN RENNER;167.0;167.0;NÃO;AV DOM CLAUDIO JOSE GONCALVES P LEAO;IMPAR;DECRESCENTE;CALCADA          ;;
2023-04-01 01:33:39.126;SENTIDO DE CIRCULAÇÃO DA VIA (SO)            ;INSTALADO;C/P S1;23/06/1980;PCA SENADOR ALBERTO PASQUALINI;226.0;226.0;SIM;AV TRAMANDAI;IMPAR;CRESCENTE;CANTEIRO CENTRAL ;;
2023-04-01 01:33:39.126;PARADA OBRIGATÓRIA;INSTALADO;;23/07/1980;R PLACIDO DE CASTRO;450.0;0.0;SIM;R GUILHERME SCHELL;IMPAR;CRESCENTE;CALCADA          ;;
2023-04-01 01:33:39.138;"CIRCULAÇÃO EXCLUSIVA DE ÔNIBUS -  LEGENDA ""SÓ ÔNIBUS AUTORIZADO"" E SETA - ( 2X1 )";INSTALADO;;29/08/1982;AV PROTASIO ALVES;3020.0;0.0;NÃO;R HERETIANO ROCHA;IMPAR;CRESCENTE;SOBRE A RUA (AÉREA);;
2023-04-01 01:33:39.138;PARADA OBRIGATÓRIA;INSTALADO;;03/11/1982;R PRIMEIRO DE MARCO;41.0;0.0;NÃO;R DONA FIRMINA;IMPAR;CRESCENTE;CALCADA          ;;
2023-04-01 01:33:39.138;PARADA OBRIGATÓRIA;INSTALADO;;01/12/1982;R PRESIDENTE JUAREZ;538.0;0.0;NÃO;R JOAQUIM SILVEIRA;IMPAR;CRESCENTE;CALCADA          ;;
2023-04-01 01:33:39.140;CRIANÇAS;INSTALADO;;21/02/1983;R DESEMBARGADOR JOAO PEREIRA DE SAMPAIO;81.0;0.0;NÃO;R CEL MANOEL DE FARIA CORREA;IMPAR;DECRESCENTE;CALCADA          ;;
2023-04-01 01:33:39.140;CRIANÇAS;INSTALADO;;21/02/1983;R CEL MANOEL DE FARIA CORREA;241.0;0.0;NÃO;R DESEMBARGADOR JOAO PEREIRA DE SAMPAIO;IMPAR;CRESCENTE;CALCADA          ;;
2023-04-01 01:33:39.140;CRIANÇAS;INSTALADO;;28/02/1983;R DEODORO;10.0;0.0;NÃO;R MANOEL MARQUES;IMPAR;CRESCENTE;CALCADA          ;;
2023-04-01 01:33:39.140;PARADA OBRIGATÓRIA;INSTALADO;;25/04/1983;R MORANO CALABRO;485.0;485.0;NÃO;R CONSELHEIRO XAVIER DA COSTA;IMPAR;CRESCENTE;CALCADA          ;;
2023-04-01 01:33:39.140;PARADA OBRIGATÓRIA A FRENTE;INSTALADO;C/PS1- 2X1- PARE PREFERENCIAL ADIANTE;25/05/1983;AV COPACABANA;182.0;182.0;SIM;R SARGENTO NICOLAU DIAS DE FARIAS;IMPAR;CRESCENTE;CALCADA          ;;
2023-04-01 01:33:39.140;PROIBIDO ESTACIONAR;INSTALADO;;31/05/1983;R ANITA GARIBALDI;2381.0;2381.0;NÃO;R LIBERO BADARO;IMPAR;CRESCENTE;CALCADA          ;;
2023-04-01 01:33:39.141;PROIBIDO PARAR E ESTACIONAR;INSTALADO;;05/08/1983;R CABRAL;157.0;0.0;NÃO;R GIORDANO BRUNO;IMPAR;CRESCENTE;CALCADA          ;;
2023-04-01 01:33:39.141;PROIBIDO ESTACIONAR - CAMINHÃO;INSTALADO;CAMINHAO;23/09/1983;AV JAIME VIGNOLI;77.0;97.0;NÃO;R JOAO CARLOS MORE;IMPAR;CRESCENTE;CALCADA          ;;
2023-04-01 01:33:39.141;DIVISÃO DE PISTA CONTÍNUA (AMARELA);INSTALADO;;04/10/1983;R PASSO DA PATRIA;157.0;157.0;NÃO;AV CEL LUCAS DE OLIVEIRA;IMPAR;CRESCENTE;LEITO DA VIA     ;;
2023-04-01 01:33:39.134;SENTIDO DE CIRCULAÇÃO DA VIA (SO)            ;INSTALADO;;21/10/1981;AV JOAO PESSOA;1831.0;1831.0;NÃO;PCA PIRATINI;IMPAR;DECRESCENTE;CANTEIRO CENTRAL ;;
2023-04-01 01:33:39.134;PROIBIDO ESTACIONAR - CARGA E DESCARGA PERMITIDA;INSTALADO;;25/10/1981;R FAGUNDES VARELA;29.0;29.0;NÃO;TRAV OUVIDOR;IMPAR;CRESCENTE;CALCADA          ;;
2023-04-01 01:33:39.134;PARADA OBRIGATÓRIA;INSTALADO;;26/10/1981;R GOMES JARDIM;1180.0;0.0;SIM;AV BENTO GONCALVES;IMPAR;CRESCENTE;CALCADA          ;;
2023-04-01 01:33:39.134;SENTIDO DE CIRCULAÇÃO DA VIA (SO)            ;INSTALADO;;03/11/1981;R SENHOR DOS PASSOS;164.0;0.0;NÃO;AV OTAVIO ROCHA;IMPAR;DECRESCENTE;CALCADA          ;;
2023-04-01 01:33:39.134;PARADA OBRIGATÓRIA;INSTALADO;JUNTO COM UMA R-24A;01/12/1981;R CAMAQUA;899.0;899.0;NÃO;R DR PEREIRA NETO;IMPAR;CRESCENTE;CALCADA          ;;
2023-04-01 01:33:39.134;PARADA OBRIGATÓRIA;INSTALADO;;01/03/1982;R TEOTONIA;75.0;75.0;NÃO;R DR BARCELOS;IMPAR;CRESCENTE;CALCADA          ;;
2023-04-01 01:33:39.136;PARADA OBRIGATÓRIA;INSTALADO;;26/07/1982;R MARIANTE;1061.0;1061.0;NÃO;AV PROTASIO ALVES;IMPAR;CRESCENTE;CALCADA          ;;
2023-04-01 01:33:39.138;PONTO DE PARADA (ÔNIBUS)                     ;INSTALADO;;09/08/1982;R SILVA SO;49.0;49.0;NÃO;R DONA EUGENIA;IMPAR;CRESCENTE;CALCADA          ;;
2023-04-01 01:33:39.138;PARADA OBRIGATÓRIA;INSTALADO;;02/12/1982;R ITIBERE DA CUNHA;225.0;0.0;NÃO;R PRESIDENTE JUAREZ;IMPAR;CRESCENTE;CALCADA          ;;
2023-04-01 01:33:39.138;PONTO DE PARADA (ÔNIBUS)                     ;INSTALADO;;20/12/1982;AV JOAO WALLIG;499.0;499.0;NÃO;R GUILHERME KLIPPEL;IMPAR;CRESCENTE;CALCADA          ;;
2023-04-01 01:33:39.138;CRIANÇAS;INSTALADO;;30/12/1982;R PROF JOSE MARIA RODRIGUES;261.0;0.0;NÃO;R ARNALDO BALLVE;IMPAR;DECRESCENTE;CALCADA          ;;
2023-04-01 01:33:39.140;PONTO DE PARADA (ÔNIBUS)                     ;INSTALADO;;20/01/1983;ESTR GEDEON LEITE;615.0;615.0;NÃO;AV EDGAR PIRES DE CASTRO;IMPAR;CRESCENTE;CALCADA          ;;
2023-04-01 01:33:39.140;CRIANÇAS;INSTALADO;;28/02/1983;LE LAR ESPERANCA;10.0;0.0;NÃO;R DEODORO;IMPAR;CRESCENTE;CALCADA          ;;
2023-04-01 01:33:39.140;SENTIDO DE CIRCULAÇÃO DA VIA (SO)            ;INSTALADO;;05/04/1983;AV BERLIM;697.0;0.0;NÃO;AV CEARA;IMPAR;DECRESCENTE;CALCADA          ;;
2023-04-01 01:33:39.140;CRIANÇAS;INSTALADO;;23/04/1983;TRAV ALFREDO MAGALHAES;161.0;0.0;NÃO;AV EDUARDO PRADO;IMPAR;CRESCENTE;CALCADA          ;;
2023-04-01 01:33:39.140;CRIANÇAS;INSTALADO;;25/04/1983;R MORANO CALABRO;550.0;0.0;NÃO;R EDGAR LUIZ SCHNEIDER;IMPAR;CRESCENTE;CALCADA          ;;
2023-04-01 01:33:39.140;SENTIDO DE CIRCULAÇÃO DA VIA (SO)            ;INSTALADO;;28/06/1983;PCA NOSSA SENHORA DE BELEM;119.0;119.0;NÃO;R NOSSA SENHORA DO ROSARIO;IMPAR;CRESCENTE;CANTEIRO CENTRAL ;;
2023-04-01 01:33:39.140;PONTO DE PARADA (ÔNIBUS)                     ;INSTALADO;;12/07/1983;R DR PEREIRA DA CUNHA;168.0;0.0;SIM;R DR TELMO VERGARA;IMPAR;CRESCENTE;CALCADA          ;;
2023-04-01 01:33:39.140;PROIBIDO ESTACIONAR - CAMINHÃO;INSTALADO;R-6A-21 - PROIBIDO ESTACIONAR CAMINHÃO - S2;25/07/1983;R SANTOS DUMONT;1621.0;0.0;SIM;AV POLONIA;IMPAR;DECRESCENTE;CALCADA          ;;
2023-04-01 01:33:39.140;PARADA OBRIGATÓRIA;INSTALADO;JUNTO COM A PLACA SENTIDO ÃšNICO (SO);27/07/1983;R DR JOAO INACIO;12.0;12.0;SIM;R VOLUNTARIOS DA PATRIA;IMPAR;DECRESCENTE;CALCADA          ;;
2023-04-01 01:33:39.141;PARADA OBRIGATÓRIA;INSTALADO;"JUNTO COM ""R-24A""";29/07/1983;TRAV DR HEINZELMANN;365.0;365.0;NÃO;AV A J RENNER;IMPAR;CRESCENTE;CALCADA          ;;
2023-04-01 01:33:39.141;PONTO DE PARADA (ÔNIBUS)                     ;INSTALADO;;09/08/1983;ESTR VAREJAO;193.0;193.0;NÃO;ESTR OTAVIANO JOSE PINTO;IMPAR;CRESCENTE;CALCADA          ;;
2023-04-01 01:33:39.118;PONTO DE PARADA (ÔNIBUS)                     ;INSTALADO;;23/05/1979;R CEL TIMOTEO;129.0;0.0;NÃO;R CHICO PEDRO;IMPAR;CRESCENTE;CALCADA          ;;
2023-04-01 01:33:39.118;PONTO DE PARADA (ÔNIBUS)                     ;INSTALADO;;23/05/1979;R CEL TIMOTEO;285.0;0.0;NÃO;R TAMANDARE;IMPAR;CRESCENTE;CALCADA          ;;
2023-04-01 01:33:39.118;PONTO DE PARADA (ÔNIBUS)                     ;INSTALADO;;28/05/1979;AV DR JOAO SIMPLICIO A DE CARVALHO;395.0;395.0;NÃO;R MARCOS MOREIRA;IMPAR;CRESCENTE;CALCADA          ;;
2023-04-01 01:33:39.118;PARADA OBRIGATÓRIA;INSTALADO;;28/05/1979;R SOUZA LOBO;547.0;547.0;NÃO;AV SATURNINO DE BRITO;IMPAR;CRESCENTE;CALCADA          ;;
2023-04-01 01:33:39.120;PONTO DE PARADA (ÔNIBUS)                     ;INSTALADO;I-23 - S1;02/09/2013;R ANGELO CRIVELLARO;255.0;255.0;NÃO;R GRACILIANO RAMOS;IMPAR;CRESCENTE;CALCADA          ;;
2023-04-01 01:33:39.120;SENTIDO DE CIRCULAÇÃO DA VIA (SO)            ;INSTALADO;;06/06/1979;R MARIANTE;16.0;0.0;NÃO;R VINTE QUATRO DE OUTUBRO;IMPAR;DECRESCENTE;CALCADA          ;;
2023-04-01 01:33:39.120;PONTO DE PARADA (ÔNIBUS)                     ;INSTALADO;;06/06/1979;R LA PLATA;445.0;445.0;NÃO;R GONCALVES LEDO;IMPAR;CRESCENTE;CALCADA          ;;
2023-04-01 01:33:39.120;PROIBIDO ESTACIONAR;INSTALADO;R-6A;11/06/1979;R INTENDENTE ALFREDO AZEVEDO;39.0;49.0;NÃO;R MANDUCA NUNES;IMPAR;CRESCENTE;CALCADA          ;;
2023-04-01 01:33:39.122;PONTO DE PARADA (ÔNIBUS)                     ;INSTALADO;;25/06/1979;AV DONARIO BRAGA;223.0;0.0;NÃO;R V VILA SANTA ROSA;IMPAR;CRESCENTE;CALCADA          ;;
2023-04-01 01:33:39.122;PONTO DE PARADA (ÔNIBUS)                     ;INSTALADO;;28/06/1979;R EUSTAQUIO INACIO DA SILVEIRA;776.0;776.0;SIM;R SANTA HELENA;IMPAR;CRESCENTE;CALCADA          ;;
2023-04-01 01:33:39.122;SENTIDO DE CIRCULAÇÃO DA VIA (SO)            ;INSTALADO;;10/07/1979;AV IPIRANGA;4003.0;4003.0;NÃO;R GONCALVES LEDO;IMPAR;CRESCENTE;CANTEIRO CENTRAL ;;
2023-04-01 01:33:39.122;PONTO DE PARADA (ÔNIBUS)                     ;INSTALADO;;10/07/1979;AV PROTASIO ALVES;8403.0;8383.0;NÃO;R REV DANIEL BETTS;IMPAR;CRESCENTE;CALCADA          ;;
2023-04-01 01:33:39.122;FAIXA DE TRAVESSIA DE PEDESTRES (ZEBRADA);INSTALADO;7 TRJS - EF COLEGIO OLEG. MARIANO;18/09/1979;R OLINDA;99.0;99.0;NÃO;AV PARA;IMPAR;NULO;LEITO DA VIA     ;;
2023-04-01 01:33:39.122;PROIBIDO ESTACIONAR;INSTALADO;;15/10/1979;R TAMANDARE;717.0;731.0;NÃO;R SAO SEBASTIAO DO CAI;IMPAR;CRESCENTE;CALCADA          ;;
2023-04-01 01:33:39.124;PONTO DE PARADA (ÔNIBUS)                     ;INSTALADO;;25/10/1979;AV ENG JOSE MARIA DE CARVALHO;149.0;149.0;NÃO;AV ENG ARY DE ABREU LIMA;IMPAR;CRESCENTE;CALCADA          ;;
2023-04-01 01:33:39.124;SENTIDO DE CIRCULAÇÃO DA VIA (SO)            ;INSTALADO;;09/01/1980;R FELIZARDO FURTADO;91.0;91.0;NÃO;R GUARARAPES;IMPAR;CRESCENTE;CALCADA          ;;
2023-04-01 01:33:39.124;PROIBIDO ESTACIONAR;INSTALADO; ;17/01/1980;R JOSE DE ALENCAR;1149.0;1149.0;NÃO;R CORREA LIMA;IMPAR;CRESCENTE;CALCADA          ;;
2023-04-01 01:33:39.124;PONTO DE PARADA (ÔNIBUS)                     ;INSTALADO;;18/01/1980;R BATISTA XAVIER;637.0;637.0;NÃO;R MARIO DE ARTAGAO;IMPAR;CRESCENTE;CALCADA          ;;
2023-04-01 01:33:39.134;PARADA OBRIGATÓRIA;INSTALADO;;03/02/1982;R ERNESTO FONTOURA;231.0;231.0;NÃO;AV RIO GRANDE;IMPAR;DECRESCENTE;CALCADA          ;;
2023-04-01 01:33:39.136;INDICATIVA ( 0,60 X 1,00 )                   ;INSTALADO;;12/03/1982;AV BRASILIANO INDIO DE MORAES;39.0;0.0;NÃO;R TOROQUA;IMPAR;CRESCENTE;CALCADA          ;;
